VARIABLES = "x [mm]","p / p<sub>ref</sub>","C<sub>f,x</sub>"
ZONE T="SA, FUN3D"
4.306000000E+02	1.062577306E+00	1.588266044E-03
4.309016667E+02	1.062626613E+00	1.588183864E-03
4.312033333E+02	1.062669766E+00	1.588108777E-03
4.315050000E+02	1.062714332E+00	1.588033547E-03
4.318066667E+02	1.062758682E+00	1.587956660E-03
4.321083333E+02	1.062803042E+00	1.587880719E-03
4.324100000E+02	1.062847617E+00	1.587805675E-03
4.327116667E+02	1.062892083E+00	1.587731213E-03
4.330133333E+02	1.062936552E+00	1.587657310E-03
4.333150000E+02	1.062981022E+00	1.587583769E-03
4.336166667E+02	1.063025598E+00	1.587510561E-03
4.339183333E+02	1.063070072E+00	1.587437577E-03
4.342200000E+02	1.063114656E+00	1.587364719E-03
4.345216667E+02	1.063159231E+00	1.587292093E-03
4.348233333E+02	1.063203705E+00	1.587219683E-03
4.351250000E+02	1.063248290E+00	1.587147291E-03
4.354266667E+02	1.063292883E+00	1.587075122E-03
4.357283333E+02	1.063337586E+00	1.587003070E-03
4.360300000E+02	1.063382290E+00	1.586931133E-03
4.363316667E+02	1.063426993E+00	1.586859323E-03
4.366333333E+02	1.063471697E+00	1.586787737E-03
4.369350000E+02	1.063516410E+00	1.586716258E-03
4.372366667E+02	1.063561233E+00	1.586644796E-03
4.375383333E+02	1.063606055E+00	1.586573568E-03
4.378400000E+02	1.063650883E+00	1.586502561E-03
4.381416667E+02	1.063695820E+00	1.586431559E-03
4.384433333E+02	1.063740652E+00	1.586360787E-03
4.387450000E+02	1.063785594E+00	1.586290123E-03
4.390466667E+02	1.063830532E+00	1.586219483E-03
4.393483333E+02	1.063875487E+00	1.586149054E-03
4.396500000E+02	1.063920548E+00	1.586078748E-03
4.399516667E+02	1.063965609E+00	1.586008550E-03
4.402533333E+02	1.064010666E+00	1.585938366E-03
4.405550000E+02	1.064055741E+00	1.585868278E-03
4.408566667E+02	1.064100921E+00	1.585798205E-03
4.411583333E+02	1.064146101E+00	1.585728239E-03
4.414600000E+02	1.064191287E+00	1.585658289E-03
4.417616667E+02	1.064236591E+00	1.585588424E-03
4.420633333E+02	1.064281899E+00	1.585518467E-03
4.423650000E+02	1.064327327E+00	1.585448610E-03
4.426666667E+02	1.064372852E+00	1.585378659E-03
4.429683333E+02	1.064418290E+00	1.585308800E-03
4.432700000E+02	1.064463951E+00	1.585238828E-03
4.435716667E+02	1.064509617E+00	1.585168863E-03
4.438733333E+02	1.064555398E+00	1.585098913E-03
4.441750000E+02	1.064601303E+00	1.585029054E-03
4.444766667E+02	1.064647332E+00	1.584959082E-03
4.447783333E+02	1.064693466E+00	1.584889126E-03
4.450800000E+02	1.064739605E+00	1.584819292E-03
4.453816667E+02	1.064785867E+00	1.584749559E-03
4.456833333E+02	1.064832244E+00	1.584679828E-03
4.459850000E+02	1.064878635E+00	1.584610230E-03
4.462866667E+02	1.064925250E+00	1.584540862E-03
4.465883333E+02	1.064971981E+00	1.584471612E-03
4.468900000E+02	1.065018716E+00	1.584402590E-03
4.471916667E+02	1.065065454E+00	1.584333815E-03
4.474933333E+02	1.065112299E+00	1.584265396E-03
4.477950000E+02	1.065159158E+00	1.584197320E-03
4.480966667E+02	1.065206131E+00	1.584129586E-03
4.483983333E+02	1.065253090E+00	1.584062228E-03
4.487000000E+02	1.065299944E+00	1.583995439E-03
4.490016667E+02	1.065346904E+00	1.583929000E-03
4.493033333E+02	1.065393748E+00	1.583863014E-03
4.496050000E+02	1.065440478E+00	1.583797384E-03
4.499066667E+02	1.065487194E+00	1.583732117E-03
4.502083333E+02	1.065533805E+00	1.583667291E-03
4.505100000E+02	1.065580407E+00	1.583602698E-03
4.508116667E+02	1.065626884E+00	1.583538333E-03
4.511133333E+02	1.065673134E+00	1.583474212E-03
4.514150000E+02	1.065719387E+00	1.583410300E-03
4.517166667E+02	1.065765631E+00	1.583346405E-03
4.520183333E+02	1.065811750E+00	1.583282720E-03
4.523200000E+02	1.065857651E+00	1.583219047E-03
4.526216667E+02	1.065903656E+00	1.583155377E-03
4.529233333E+02	1.065949543E+00	1.583091814E-03
4.532250000E+02	1.065995333E+00	1.583028245E-03
4.535266667E+02	1.066041206E+00	1.582964688E-03
4.538283333E+02	1.066086863E+00	1.582901135E-03
4.541300000E+02	1.066132520E+00	1.582837687E-03
4.544316667E+02	1.066178181E+00	1.582774236E-03
4.547333333E+02	1.066223834E+00	1.582710805E-03
4.550350000E+02	1.066269474E+00	1.582647484E-03
4.553366667E+02	1.066314911E+00	1.582584269E-03
4.556383333E+02	1.066360554E+00	1.582521069E-03
4.559400000E+02	1.066405977E+00	1.582458103E-03
4.562416667E+02	1.066451506E+00	1.582395248E-03
4.565433333E+02	1.066496925E+00	1.582332508E-03
4.568450000E+02	1.066542339E+00	1.582269889E-03
4.571466667E+02	1.066587634E+00	1.582207506E-03
4.574483333E+02	1.066632934E+00	1.582145242E-03
4.577500000E+02	1.066678223E+00	1.582083210E-03
4.580516667E+02	1.066723391E+00	1.582021409E-03
4.583533333E+02	1.066768456E+00	1.581959721E-03
4.586550000E+02	1.066813508E+00	1.581898262E-03
4.589566667E+02	1.066858450E+00	1.581836939E-03
4.592583333E+02	1.066903379E+00	1.581775943E-03
4.595600000E+02	1.066948196E+00	1.581714962E-03
4.598616667E+02	1.066992890E+00	1.581654319E-03
4.601633333E+02	1.067037465E+00	1.581593802E-03
4.604650000E+02	1.067081935E+00	1.581533522E-03
4.607666667E+02	1.067126505E+00	1.581473455E-03
4.610683333E+02	1.067170832E+00	1.581413519E-03
4.613700000E+02	1.067214940E+00	1.581353816E-03
4.616716667E+02	1.067259034E+00	1.581294342E-03
4.619733333E+02	1.067303008E+00	1.581234983E-03
4.622750000E+02	1.067346758E+00	1.581175853E-03
4.625766667E+02	1.067390498E+00	1.581116841E-03
4.628783333E+02	1.067434116E+00	1.581057958E-03
4.631800000E+02	1.067477612E+00	1.580999278E-03
4.634816667E+02	1.067520885E+00	1.580940623E-03
4.637833333E+02	1.067564139E+00	1.580882183E-03
4.640850000E+02	1.067607170E+00	1.580823766E-03
4.643866667E+02	1.067650190E+00	1.580765553E-03
4.646883333E+02	1.067692977E+00	1.580707355E-03
4.649900000E+02	1.067735654E+00	1.580649263E-03
4.652916667E+02	1.067778308E+00	1.580591177E-03
4.655933333E+02	1.067820742E+00	1.580533090E-03
4.658950000E+02	1.067863061E+00	1.580475114E-03
4.661966667E+02	1.067905361E+00	1.580417140E-03
4.664983333E+02	1.067947438E+00	1.580359170E-03
4.668000000E+02	1.067989510E+00	1.580301186E-03
4.671016667E+02	1.068031467E+00	1.580243098E-03
4.674033333E+02	1.068073308E+00	1.580185115E-03
4.677050000E+02	1.068115137E+00	1.580127029E-03
4.680066667E+02	1.068156852E+00	1.580068937E-03
4.683083333E+02	1.068198451E+00	1.580010841E-03
4.686100000E+02	1.068239945E+00	1.579952741E-03
4.689116667E+02	1.068281526E+00	1.579894538E-03
4.692133333E+02	1.068322901E+00	1.579836320E-03
4.695150000E+02	1.068364371E+00	1.579777991E-03
4.698166667E+02	1.068405627E+00	1.579719658E-03
4.701183333E+02	1.068446979E+00	1.579661214E-03
4.704200000E+02	1.068488226E+00	1.579602648E-03
4.707216667E+02	1.068529476E+00	1.579543950E-03
4.710233333E+02	1.068570722E+00	1.579484998E-03
4.713250000E+02	1.068611975E+00	1.579425433E-03
4.716266667E+02	1.068653350E+00	1.579364722E-03
4.719283333E+02	1.068694857E+00	1.579301581E-03
4.722300000E+02	1.068736647E+00	1.579233079E-03
4.725316667E+02	1.068779332E+00	1.579152591E-03
4.728333333E+02	1.068823842E+00	1.579045563E-03
4.731350000E+02	1.068872315E+00	1.578879806E-03
4.734366667E+02	1.068930022E+00	1.578583559E-03
4.737383333E+02	1.069007617E+00	1.577998066E-03
4.740400000E+02	1.069129769E+00	1.576770981E-03
4.743416667E+02	1.069350436E+00	1.574123139E-03
4.746433333E+02	1.069789120E+00	1.568340850E-03
4.749450000E+02	1.070709307E+00	1.555716518E-03
4.752466667E+02	1.072684596E+00	1.528448206E-03
4.755483333E+02	1.076935517E+00	1.471168274E-03
4.758500000E+02	1.085931279E+00	1.357409827E-03
4.761516667E+02	1.104152713E+00	1.153023636E-03
4.764533333E+02	1.138064891E+00	8.373250629E-04
4.767550000E+02	1.192568656E+00	4.425621847E-04
4.770566667E+02	1.264301383E+00	6.137205870E-05
4.773583333E+02	1.343928463E+00	-2.179287518E-04
4.776600000E+02	1.421756019E+00	-3.788039213E-04
4.779616667E+02	1.491669619E+00	-4.597212707E-04
4.782633333E+02	1.552202896E+00	-4.975487286E-04
4.785650000E+02	1.603895684E+00	-5.116043488E-04
4.788666667E+02	1.647915796E+00	-5.123119157E-04
4.791683333E+02	1.685365810E+00	-5.047388014E-04
4.794700000E+02	1.717275684E+00	-4.915839879E-04
4.797716667E+02	1.744415431E+00	-4.753482502E-04
4.800733333E+02	1.767617781E+00	-4.593200850E-04
4.803750000E+02	1.787653497E+00	-4.464238497E-04
4.806766667E+02	1.805454298E+00	-4.377217635E-04
4.809783333E+02	1.821766120E+00	-4.330133761E-04
4.812800000E+02	1.837105703E+00	-4.320305459E-04
4.815816667E+02	1.851782363E+00	-4.343384427E-04
4.818833333E+02	1.865998985E+00	-4.387133568E-04
4.821850000E+02	1.879852034E+00	-4.435319626E-04
4.824866667E+02	1.893288306E+00	-4.479311522E-04
4.827883333E+02	1.906180742E+00	-4.524002601E-04
4.830900000E+02	1.918419914E+00	-4.580770798E-04
4.833916667E+02	1.930224831E+00	-4.660300484E-04
4.836933333E+02	1.941728904E+00	-4.770334209E-04
4.839950000E+02	1.953158182E+00	-4.909755414E-04
4.842966667E+02	1.964783734E+00	-5.062918629E-04
4.845983333E+02	1.976818276E+00	-5.212420415E-04
4.849000000E+02	1.989547648E+00	-5.348732753E-04
4.852016667E+02	2.003157444E+00	-5.452668943E-04
4.855033333E+02	2.018069481E+00	-5.500909572E-04
4.858050000E+02	2.033209053E+00	-5.491095393E-04
4.861066667E+02	2.048520276E+00	-5.432244169E-04
4.864083333E+02	2.064354079E+00	-5.326142066E-04
4.867100000E+02	2.080362686E+00	-5.174493970E-04
4.870116667E+02	2.096592235E+00	-4.983216948E-04
4.873133333E+02	2.112781204E+00	-4.758371776E-04
4.876150000E+02	2.128873028E+00	-4.506923086E-04
4.879166667E+02	2.144724416E+00	-4.235231022E-04
4.882183333E+02	2.160270282E+00	-3.948155447E-04
4.885200000E+02	2.175444298E+00	-3.649735854E-04
4.888216667E+02	2.190191844E+00	-3.343334748E-04
4.891233333E+02	2.204480347E+00	-3.032389681E-04
4.894250000E+02	2.218270553E+00	-2.719877000E-04
4.897266667E+02	2.231563208E+00	-2.407315354E-04
4.900283333E+02	2.244338458E+00	-2.095377942E-04
4.903300000E+02	2.256594264E+00	-1.784606283E-04
4.906316667E+02	2.268321533E+00	-1.475347530E-04
4.909333333E+02	2.279529524E+00	-1.167901715E-04
4.912350000E+02	2.290202397E+00	-8.625445411E-05
4.915366667E+02	2.300358538E+00	-5.594367272E-05
4.918383333E+02	2.309980913E+00	-2.586344474E-05
4.921400000E+02	2.319096858E+00	3.976316428E-06
4.924416667E+02	2.327679898E+00	3.356313163E-05
4.927433333E+02	2.335759273E+00	6.289115541E-05
4.930450000E+02	2.343305994E+00	9.196274546E-05
4.933466667E+02	2.350365874E+00	1.207763314E-04
4.936483333E+02	2.356893746E+00	1.493317432E-04
4.939500000E+02	2.362948505E+00	1.776372542E-04
4.942516667E+02	2.368474764E+00	2.057058640E-04
4.945533333E+02	2.373546332E+00	2.335356774E-04
4.948550000E+02	2.378090408E+00	2.611143435E-04
4.951566667E+02	2.382198172E+00	2.884320601E-04
4.954583333E+02	2.385781299E+00	3.154917896E-04
4.957600000E+02	2.388950736E+00	3.422948094E-04
4.960616667E+02	2.391596586E+00	3.688470443E-04
4.963633333E+02	2.393853156E+00	3.951578248E-04
4.966650000E+02	2.395587129E+00	4.212464758E-04
4.969666667E+02	2.396961567E+00	4.471056029E-04
4.972683333E+02	2.397810029E+00	4.727598241E-04
4.975700000E+02	2.398347151E+00	4.982290248E-04
4.978716667E+02	2.398353558E+00	5.234360215E-04
4.981733333E+02	2.397993619E+00	5.485080051E-04
4.984750000E+02	2.397231499E+00	5.735620214E-04
4.987766667E+02	2.396077811E+00	5.985203817E-04
4.990783333E+02	2.394540843E+00	6.234127738E-04
4.993800000E+02	2.392632067E+00	6.482754661E-04
4.996816667E+02	2.390362070E+00	6.731368617E-04
4.999833333E+02	2.387742560E+00	6.980220403E-04
5.002850000E+02	2.384785458E+00	7.229417597E-04
5.005866667E+02	2.381501642E+00	7.478974031E-04
5.008883333E+02	2.377902651E+00	7.728662560E-04
5.011900000E+02	2.373999342E+00	7.977981358E-04
5.014916667E+02	2.369801097E+00	8.226374271E-04
5.017933333E+02	2.365319502E+00	8.473348846E-04
5.020950000E+02	2.360565173E+00	8.718564072E-04
5.023966667E+02	2.355550510E+00	8.961680140E-04
5.026983333E+02	2.350287235E+00	9.202420427E-04
5.030000000E+02	2.344783391E+00	9.440644765E-04
5.033016667E+02	2.339052077E+00	9.676130087E-04
5.036033333E+02	2.333106327E+00	9.908678745E-04
5.039050000E+02	2.326958177E+00	1.013819008E-03
5.042066667E+02	2.320616839E+00	1.036456467E-03
5.045083333E+02	2.314093193E+00	1.058771330E-03
5.048100000E+02	2.307397270E+00	1.080757173E-03
5.051116667E+02	2.300541350E+00	1.102399841E-03
5.054133333E+02	2.293532184E+00	1.123702970E-03
5.057150000E+02	2.286381353E+00	1.144656937E-03
5.060166667E+02	2.279097427E+00	1.165257931E-03
5.063183333E+02	2.271691617E+00	1.185497148E-03
5.066200000E+02	2.264171954E+00	1.205372371E-03
5.069216667E+02	2.256548460E+00	1.224881485E-03
5.072233333E+02	2.248828792E+00	1.244025515E-03
5.075250000E+02	2.241023859E+00	1.262798406E-03
5.078266667E+02	2.233138208E+00	1.281208557E-03
5.081283333E+02	2.225180613E+00	1.299252873E-03
5.084300000E+02	2.217157806E+00	1.316933155E-03
5.087316667E+02	2.209078171E+00	1.334247019E-03
5.090333333E+02	2.200948281E+00	1.351197054E-03
5.093350000E+02	2.192774500E+00	1.367784729E-03
5.096366667E+02	2.184562733E+00	1.384012760E-03
5.099383333E+02	2.176321691E+00	1.399878092E-03
5.102400000E+02	2.168053794E+00	1.415390795E-03
5.105416667E+02	2.159765751E+00	1.430551823E-03
5.108433333E+02	2.151462160E+00	1.445366777E-03
5.111450000E+02	2.143149433E+00	1.459838685E-03
5.114466667E+02	2.134831080E+00	1.473974773E-03
5.117483333E+02	2.126511093E+00	1.487781367E-03
5.120500000E+02	2.118192898E+00	1.501265246E-03
5.123516667E+02	2.109880558E+00	1.514433904E-03
5.126533333E+02	2.101574679E+00	1.527298617E-03
5.129550000E+02	2.093280829E+00	1.539862890E-03
5.132566667E+02	2.084997931E+00	1.552138830E-03
5.135583333E+02	2.076731058E+00	1.564129999E-03
5.138600000E+02	2.068478305E+00	1.575848242E-03
5.141616667E+02	2.060243172E+00	1.587298099E-03
5.144633333E+02	2.052028026E+00	1.598484286E-03
5.147650000E+02	2.043832481E+00	1.609414636E-03
5.150666667E+02	2.035657162E+00	1.620094852E-03
5.153683333E+02	2.027501830E+00	1.630531607E-03
5.156700000E+02	2.019368704E+00	1.640727153E-03
5.159716667E+02	2.011260574E+00	1.650684028E-03
5.162733333E+02	2.003174905E+00	1.660409138E-03
5.165750000E+02	1.995114696E+00	1.669904265E-03
5.168766667E+02	1.987081952E+00	1.679171025E-03
5.171783333E+02	1.979076467E+00	1.688214219E-03
5.174800000E+02	1.971099054E+00	1.697037328E-03
5.177816667E+02	1.963149329E+00	1.705645805E-03
5.180833333E+02	1.955229857E+00	1.714041639E-03
5.183850000E+02	1.947342649E+00	1.722227959E-03
5.186866667E+02	1.939485622E+00	1.730212192E-03
5.189883333E+02	1.931660952E+00	1.737997476E-03
5.192900000E+02	1.923870349E+00	1.745587667E-03
5.195916667E+02	1.916113170E+00	1.752990242E-03
5.198933333E+02	1.908388650E+00	1.760211053E-03
5.201950000E+02	1.900696775E+00	1.767256049E-03
5.204966667E+02	1.893037698E+00	1.774128701E-03
5.207983333E+02	1.885413748E+00	1.780832080E-03
5.211000000E+02	1.877820911E+00	1.787372266E-03
5.214016667E+02	1.870262688E+00	1.793750745E-03
5.217033333E+02	1.862735854E+00	1.799971870E-03
5.220050000E+02	1.855240896E+00	1.806039630E-03
5.223066667E+02	1.847777934E+00	1.811954530E-03
5.226083333E+02	1.840346507E+00	1.817720841E-03
5.229100000E+02	1.832945855E+00	1.823339453E-03
5.232116667E+02	1.825579551E+00	1.828811390E-03
5.235133333E+02	1.818242367E+00	1.834140013E-03
5.238150000E+02	1.810940066E+00	1.839325181E-03
5.241166667E+02	1.803667965E+00	1.844369349E-03
5.244183333E+02	1.796429090E+00	1.849274526E-03
5.247200000E+02	1.789222230E+00	1.854040545E-03
5.250216667E+02	1.782048973E+00	1.858671269E-03
5.253233333E+02	1.774907243E+00	1.863167855E-03
5.256250000E+02	1.767802238E+00	1.867531879E-03
5.259266667E+02	1.760727995E+00	1.871765746E-03
5.262283333E+02	1.753690777E+00	1.875869401E-03
5.265300000E+02	1.746686352E+00	1.879847996E-03
5.268316667E+02	1.739717441E+00	1.883706244E-03
5.271333333E+02	1.732782504E+00	1.887446498E-03
5.274350000E+02	1.725882912E+00	1.891072636E-03
5.277366667E+02	1.719016493E+00	1.894585573E-03
5.280383333E+02	1.712185073E+00	1.897988988E-03
5.283400000E+02	1.705385399E+00	1.901284758E-03
5.286416667E+02	1.698622568E+00	1.904475101E-03
5.289433333E+02	1.691890991E+00	1.907562746E-03
5.292450000E+02	1.685193369E+00	1.910549865E-03
5.295466667E+02	1.678527570E+00	1.913437083E-03
5.298483333E+02	1.671895493E+00	1.916226875E-03
5.301500000E+02	1.665294857E+00	1.918919788E-03
5.304516667E+02	1.658727388E+00	1.921517816E-03
5.307533333E+02	1.652190155E+00	1.924021524E-03
5.310550000E+02	1.645688620E+00	1.926431022E-03
5.313566667E+02	1.639217080E+00	1.928747606E-03
5.316583333E+02	1.632778898E+00	1.930972197E-03
5.319600000E+02	1.626372582E+00	1.933104885E-03
5.322616667E+02	1.619999870E+00	1.935147257E-03
5.325633333E+02	1.613659296E+00	1.937099065E-03
5.328650000E+02	1.607352916E+00	1.938962236E-03
5.331666667E+02	1.601078103E+00	1.940737320E-03
5.334683333E+02	1.594840507E+00	1.942425137E-03
5.337700000E+02	1.588634697E+00	1.944027555E-03
5.340716667E+02	1.582464069E+00	1.945546303E-03
5.343733333E+02	1.576326944E+00	1.946982383E-03
5.346750000E+02	1.570225244E+00	1.948337706E-03
5.349766667E+02	1.564157283E+00	1.949613657E-03
5.352783333E+02	1.558124981E+00	1.950812190E-03
5.355800000E+02	1.552125392E+00	1.951934564E-03
5.358816667E+02	1.546163702E+00	1.952982089E-03
5.361833333E+02	1.540234843E+00	1.953955995E-03
5.364850000E+02	1.534342770E+00	1.954857101E-03
5.367866667E+02	1.528482356E+00	1.955687599E-03
5.370883333E+02	1.522659123E+00	1.956450492E-03
5.373900000E+02	1.516869090E+00	1.957150655E-03
5.376916667E+02	1.511114052E+00	1.957794010E-03
5.379933333E+02	1.505389688E+00	1.958383732E-03
5.382950000E+02	1.499700996E+00	1.958912011E-03
5.385966667E+02	1.494042789E+00	1.959356092E-03
5.388983333E+02	1.488421448E+00	1.959704221E-03
5.392000000E+02	1.482838505E+00	1.959991554E-03
5.394999999E+02	1.477321764E+00	1.960269275E-03
5.398008820E+02	1.471813965E+00	1.960510556E-03
5.401026478E+02	1.466325027E+00	1.960679716E-03
5.404052988E+02	1.460850114E+00	1.960789901E-03
5.407088368E+02	1.455395524E+00	1.960845267E-03
5.410132634E+02	1.449954211E+00	1.960847167E-03
5.413185802E+02	1.444533084E+00	1.960796268E-03
5.416247888E+02	1.439125661E+00	1.960692822E-03
5.419318909E+02	1.433738860E+00	1.960537822E-03
5.422398881E+02	1.428367421E+00	1.960332105E-03
5.425487820E+02	1.423013956E+00	1.960075638E-03
5.428585742E+02	1.417677185E+00	1.959769252E-03
5.431692663E+02	1.412359331E+00	1.959413546E-03
5.434808599E+02	1.407058362E+00	1.959009250E-03
5.437933566E+02	1.401776723E+00	1.958555888E-03
5.441067581E+02	1.396510947E+00	1.958054632E-03
5.444210658E+02	1.391264416E+00	1.957505852E-03
5.447362815E+02	1.386034534E+00	1.956910111E-03
5.450524065E+02	1.380825722E+00	1.956267960E-03
5.453694427E+02	1.375632421E+00	1.955579478E-03
5.456873914E+02	1.370459836E+00	1.954845897E-03
5.460062543E+02	1.365304678E+00	1.954067763E-03
5.463260329E+02	1.360169218E+00	1.953244867E-03
5.466467288E+02	1.355050538E+00	1.952378157E-03
5.469683436E+02	1.349952565E+00	1.951468375E-03
5.472908788E+02	1.344871836E+00	1.950515541E-03
5.476143359E+02	1.339812653E+00	1.949520003E-03
5.479387164E+02	1.334770715E+00	1.948482607E-03
5.482640221E+02	1.329749639E+00	1.947403998E-03
5.485902542E+02	1.324746111E+00	1.946284291E-03
5.489174144E+02	1.319763630E+00	1.945123729E-03
5.492455042E+02	1.314798736E+00	1.943922803E-03
5.495745250E+02	1.309855843E+00	1.942682375E-03
5.499044785E+02	1.304930951E+00	1.941402613E-03
5.502353660E+02	1.300028273E+00	1.940084198E-03
5.505671892E+02	1.295142775E+00	1.938726309E-03
5.508999494E+02	1.290278985E+00	1.937329893E-03
5.512336481E+02	1.285435265E+00	1.935896023E-03
5.515682870E+02	1.280613306E+00	1.934424058E-03
5.519038674E+02	1.275810106E+00	1.932914736E-03
5.522403907E+02	1.271029237E+00	1.931368080E-03
5.525778585E+02	1.266268869E+00	1.929784503E-03
5.529162723E+02	1.261530428E+00	1.928164027E-03
5.532556334E+02	1.256812440E+00	1.926507640E-03
5.535959433E+02	1.252117890E+00	1.924815661E-03
5.539372035E+02	1.247443444E+00	1.923088077E-03
5.542794153E+02	1.242792941E+00	1.921325737E-03
5.546225802E+02	1.238163726E+00	1.919528903E-03
5.549666996E+02	1.233557382E+00	1.917696995E-03
5.553117750E+02	1.228974101E+00	1.915831681E-03
5.556578077E+02	1.224413520E+00	1.913932074E-03
5.560047991E+02	1.219876566E+00	1.911999670E-03
5.563527508E+02	1.215363158E+00	1.910033819E-03
5.567016638E+02	1.210873574E+00	1.908035565E-03
5.570515399E+02	1.206408771E+00	1.906004701E-03
5.574023802E+02	1.201967561E+00	1.903941446E-03
5.577541861E+02	1.197552322E+00	1.901845953E-03
5.581069590E+02	1.193161450E+00	1.899718846E-03
5.584607003E+02	1.188797142E+00	1.897559895E-03
5.588154113E+02	1.184458136E+00	1.895368974E-03
5.591710934E+02	1.180145556E+00	1.893145964E-03
5.595277478E+02	1.175860100E+00	1.890891174E-03
5.598853759E+02	1.171601874E+00	1.888603620E-03
5.602439790E+02	1.167371551E+00	1.886282758E-03
5.606035584E+02	1.163170649E+00	1.883928043E-03
5.609641155E+02	1.158999134E+00	1.881537362E-03
5.613256515E+02	1.154858191E+00	1.879109901E-03
5.616881677E+02	1.150749269E+00	1.876645211E-03
5.620516654E+02	1.146672458E+00	1.874146287E-03
5.624161458E+02	1.142630494E+00	1.871614894E-03
5.627816103E+02	1.138621034E+00	1.869050655E-03
5.631480600E+02	1.134647891E+00	1.866453869E-03
5.635154963E+02	1.130709146E+00	1.863824104E-03
5.638839204E+02	1.126808795E+00	1.861158535E-03
5.642533334E+02	1.122945776E+00	1.858455598E-03
5.646237367E+02	1.119123273E+00	1.855713475E-03
5.649951314E+02	1.115340784E+00	1.852932167E-03
5.653675188E+02	1.111602721E+00	1.850110685E-03
5.657409000E+02	1.107908043E+00	1.847248726E-03
5.661152762E+02	1.104260699E+00	1.844345337E-03
5.664906486E+02	1.100660502E+00	1.841402604E-03
5.668670185E+02	1.097111245E+00	1.838420659E-03
5.672443869E+02	1.093611753E+00	1.835400551E-03
5.676227551E+02	1.090167434E+00	1.832342874E-03
5.680021240E+02	1.086774426E+00	1.829247053E-03
5.683824950E+02	1.083441276E+00	1.826115355E-03
5.687638691E+02	1.080163147E+00	1.822945716E-03
5.691462475E+02	1.076948011E+00	1.819740012E-03
5.695296312E+02	1.073791561E+00	1.816497209E-03
5.699140214E+02	1.070701339E+00	1.813218439E-03
5.702994191E+02	1.067673942E+00	1.809903183E-03
5.706858255E+02	1.064716196E+00	1.806551136E-03
5.710732417E+02	1.061825998E+00	1.803162753E-03
5.714616685E+02	1.059010141E+00	1.799736601E-03
5.718511072E+02	1.056265790E+00	1.796272688E-03
5.722415588E+02	1.053600419E+00	1.792770504E-03
5.726330244E+02	1.051011642E+00	1.789232783E-03
5.730255048E+02	1.048506972E+00	1.785658581E-03
5.734190012E+02	1.046082379E+00	1.782049970E-03
5.738135146E+02	1.043747264E+00	1.778406537E-03
5.742090459E+02	1.041496899E+00	1.774729970E-03
5.746055962E+02	1.039341502E+00	1.771020284E-03
5.750031664E+02	1.037274977E+00	1.767280640E-03
5.754017575E+02	1.035308619E+00	1.763513088E-03
5.758013704E+02	1.033434701E+00	1.759719232E-03
5.762020062E+02	1.031665414E+00	1.755902045E-03
5.766036657E+02	1.029992128E+00	1.752064099E-03
5.770063497E+02	1.028427964E+00	1.748209801E-03
5.774100594E+02	1.026962251E+00	1.744341889E-03
5.778147955E+02	1.025608946E+00	1.740465760E-03
5.782205591E+02	1.024355751E+00	1.736584329E-03
5.786273509E+02	1.023217137E+00	1.732704054E-03
5.790351717E+02	1.022179666E+00	1.728829002E-03
5.794440226E+02	1.021257240E+00	1.724965001E-03
5.798539042E+02	1.020435711E+00	1.721118397E-03
5.802648175E+02	1.019728878E+00	1.717297856E-03
5.806767633E+02	1.019120828E+00	1.713508376E-03
5.810897423E+02	1.018623040E+00	1.709757580E-03
5.815037556E+02	1.018222330E+00	1.706042746E-03
5.819188037E+02	1.017923813E+00	1.702385538E-03
5.823348875E+02	1.017726342E+00	1.698773904E-03
5.827520077E+02	1.017609711E+00	1.695205190E-03
5.831701651E+02	1.017608836E+00	1.691766900E-03
5.835893605E+02	1.017678186E+00	1.688444462E-03
5.840095946E+02	1.017823454E+00	1.685187236E-03
5.844308681E+02	1.018042631E+00	1.682010497E-03
5.848531817E+02	1.018332021E+00	1.678922784E-03
5.852765361E+02	1.018686184E+00	1.675929712E-03
5.857009320E+02	1.019101033E+00	1.673034790E-03
5.861263701E+02	1.019570361E+00	1.670243813E-03
5.865528510E+02	1.020089545E+00	1.667558643E-03
5.869803754E+02	1.020652217E+00	1.664980550E-03
5.874089440E+02	1.021253519E+00	1.662508108E-03
5.878385573E+02	1.021888267E+00	1.660141578E-03
5.882692159E+02	1.022551205E+00	1.657881669E-03
5.887009205E+02	1.023237330E+00	1.655727274E-03
5.891336717E+02	1.023941682E+00	1.653674540E-03
5.895674700E+02	1.024660019E+00	1.651719253E-03
5.900023160E+02	1.025388524E+00	1.649856320E-03
5.904382102E+02	1.026123637E+00	1.648080132E-03
5.908751532E+02	1.026862302E+00	1.646386546E-03
5.913131454E+02	1.027601826E+00	1.644771362E-03
5.917521875E+02	1.028339813E+00	1.643227184E-03
5.921922798E+02	1.029074413E+00	1.641746953E-03
5.926334229E+02	1.029804211E+00	1.640323139E-03
5.930756173E+02	1.030528552E+00	1.638949519E-03
5.935188634E+02	1.031247167E+00	1.637620167E-03
5.939631616E+02	1.031959632E+00	1.636328674E-03
5.944085123E+02	1.032666337E+00	1.635068492E-03
5.948549161E+02	1.033367924E+00	1.633833651E-03
5.953023733E+02	1.034065629E+00	1.632619714E-03
5.957508842E+02	1.034760338E+00	1.631423590E-03
5.962004492E+02	1.035453336E+00	1.630242140E-03
5.966510688E+02	1.036145515E+00	1.629072305E-03
5.971027432E+02	1.036838307E+00	1.627911836E-03
5.975554728E+02	1.037533107E+00	1.626759772E-03
5.980092579E+02	1.038231187E+00	1.625615401E-03
5.984640988E+02	1.038933545E+00	1.624478357E-03
5.989199958E+02	1.039641108E+00	1.623348732E-03
5.993769491E+02	1.040354722E+00	1.622226774E-03
5.998349591E+02	1.041075085E+00	1.621112453E-03
6.002940259E+02	1.041802949E+00	1.620005812E-03
6.007541498E+02	1.042539287E+00	1.618907183E-03
6.012153311E+02	1.043284168E+00	1.617817543E-03
6.016775698E+02	1.044038065E+00	1.616737724E-03
6.021408662E+02	1.044801409E+00	1.615668848E-03
6.026052205E+02	1.045574182E+00	1.614611853E-03
6.030706328E+02	1.046356316E+00	1.613568035E-03
6.035371033E+02	1.047147781E+00	1.612537921E-03
6.040046321E+02	1.047948552E+00	1.611521860E-03
6.044732192E+02	1.048758418E+00	1.610520324E-03
6.049428649E+02	1.049577140E+00	1.609533408E-03
6.054135691E+02	1.050404516E+00	1.608560847E-03
6.058853320E+02	1.051240929E+00	1.607601969E-03
6.063581535E+02	1.052085748E+00	1.606656892E-03
6.068320338E+02	1.052939055E+00	1.605725280E-03
6.073069728E+02	1.053800652E+00	1.604807226E-03
6.077829705E+02	1.054670847E+00	1.603902378E-03
6.082600269E+02	1.055549293E+00	1.603010419E-03
6.087381420E+02	1.056435897E+00	1.602131443E-03
6.092173158E+02	1.057330650E+00	1.601265346E-03
6.096975481E+02	1.058233646E+00	1.600412163E-03
6.101788390E+02	1.059144551E+00	1.599572427E-03
6.106611882E+02	1.060063342E+00	1.598746071E-03
6.111445958E+02	1.060989675E+00	1.597933409E-03
6.116290615E+02	1.061923427E+00	1.597134566E-03
6.121145852E+02	1.062864370E+00	1.596349902E-03
6.126011669E+02	1.063812452E+00	1.595579700E-03
6.130888062E+02	1.064766782E+00	1.594824621E-03
6.135775030E+02	1.065727563E+00	1.594084232E-03
6.140672571E+02	1.066694310E+00	1.593358700E-03
6.145580682E+02	1.067666450E+00	1.592648230E-03
6.150499362E+02	1.068643867E+00	1.591952597E-03
6.155428607E+02	1.069626413E+00	1.591271241E-03
6.160368415E+02	1.070613527E+00	1.590603924E-03
6.165318782E+02	1.071605191E+00	1.589950237E-03
6.170279707E+02	1.072601175E+00	1.589309414E-03
6.175251184E+02	1.073601368E+00	1.588680869E-03
6.180233212E+02	1.074605754E+00	1.588063915E-03
6.185225787E+02	1.075614118E+00	1.587458017E-03
6.190228904E+02	1.076626681E+00	1.586862204E-03
6.195242559E+02	1.077643331E+00	1.586276074E-03
6.200266749E+02	1.078664205E+00	1.585699089E-03
6.205301470E+02	1.079689645E+00	1.585130669E-03
6.210346716E+02	1.080719764E+00	1.584570303E-03
6.215402483E+02	1.081754443E+00	1.584017768E-03
6.220468766E+02	1.082793806E+00	1.583472738E-03
6.225545560E+02	1.083838096E+00	1.582935321E-03
6.230632860E+02	1.084887658E+00	1.582405521E-03
6.235730661E+02	1.085942378E+00	1.581883577E-03
6.240838957E+02	1.087002227E+00	1.581369781E-03
6.245957742E+02	1.088067126E+00	1.580864259E-03
6.251087011E+02	1.089137386E+00	1.580367421E-03
6.256226756E+02	1.090212434E+00	1.579879735E-03
6.261376973E+02	1.091292374E+00	1.579401652E-03
6.266537654E+02	1.092377096E+00	1.578933419E-03
6.271708793E+02	1.093466347E+00	1.578475432E-03
6.276890383E+02	1.094559770E+00	1.578027856E-03
6.282082417E+02	1.095657264E+00	1.577590826E-03
6.287284888E+02	1.096758675E+00	1.577164608E-03
6.292497789E+02	1.097863661E+00	1.576750270E-03
6.297721111E+02	1.098971958E+00	1.576347971E-03
6.302954847E+02	1.100082885E+00	1.575956556E-03
6.308198990E+02	1.101196435E+00	1.575575002E-03
6.313453531E+02	1.102312487E+00	1.575202727E-03
6.318718461E+02	1.103430932E+00	1.574839179E-03
6.323993772E+02	1.104551867E+00	1.574484321E-03
6.329279457E+02	1.105674839E+00	1.574138144E-03
6.334575504E+02	1.106800409E+00	1.573800408E-03
6.339881907E+02	1.107928014E+00	1.573470822E-03
6.345198655E+02	1.109057877E+00	1.573149354E-03
6.350525738E+02	1.110189998E+00	1.572835460E-03
6.355863148E+02	1.111324370E+00	1.572529212E-03
6.361210875E+02	1.112460746E+00	1.572230543E-03
6.366568907E+02	1.113599146E+00	1.571938988E-03
6.371937236E+02	1.114739792E+00	1.571654716E-03
6.377315851E+02	1.115882437E+00	1.571377350E-03
6.382704742E+02	1.117027101E+00	1.571106938E-03
6.388103896E+02	1.118173871E+00	1.570843399E-03
6.393513303E+02	1.119322413E+00	1.570586743E-03
6.398932953E+02	1.120472950E+00	1.570337174E-03
6.404362834E+02	1.121625376E+00	1.570094306E-03
6.409802934E+02	1.122779535E+00	1.569858101E-03
6.415253241E+02	1.123935217E+00	1.569628431E-03
6.420713744E+02	1.125092788E+00	1.569404993E-03
6.426184431E+02	1.126252214E+00	1.569187605E-03
6.431665288E+02	1.127413270E+00	1.568976038E-03
6.437156304E+02	1.128576076E+00	1.568770174E-03
6.442657465E+02	1.129740746E+00	1.568569844E-03
6.448168759E+02	1.130907046E+00	1.568374686E-03
6.453690172E+02	1.132075559E+00	1.568184712E-03
6.459221693E+02	1.133245930E+00	1.567999507E-03
6.464763304E+02	1.134418158E+00	1.567819200E-03
6.470314996E+02	1.135592598E+00	1.567643422E-03
6.475876753E+02	1.136769247E+00	1.567472175E-03
6.481448558E+02	1.137948091E+00	1.567305467E-03
6.487030402E+02	1.139129153E+00	1.567143055E-03
6.492622267E+02	1.140312883E+00	1.566984589E-03
6.498224139E+02	1.141498931E+00	1.566830302E-03
6.503836003E+02	1.142687526E+00	1.566679748E-03
6.509457844E+02	1.143878808E+00	1.566532902E-03
6.515089646E+02	1.145073101E+00	1.566389518E-03
6.520731395E+02	1.146270066E+00	1.566249405E-03
6.526383073E+02	1.147470281E+00	1.566112302E-03
6.532044667E+02	1.148673512E+00	1.565978231E-03
6.537716157E+02	1.149880244E+00	1.565846815E-03
6.543397530E+02	1.151090576E+00	1.565717952E-03
6.549088768E+02	1.152304523E+00	1.565591526E-03
6.554789853E+02	1.153522404E+00	1.565467434E-03
6.560500770E+02	1.154744132E+00	1.565345573E-03
6.566221501E+02	1.155970286E+00	1.565226139E-03
6.571952029E+02	1.157200516E+00	1.565109270E-03
6.577692335E+02	1.158435393E+00	1.564994863E-03
6.583442403E+02	1.159674798E+00	1.564883233E-03
6.589202214E+02	1.160918495E+00	1.564774307E-03
6.594971749E+02	1.162167083E+00	1.564668160E-03
6.600750992E+02	1.163420312E+00	1.564564923E-03
6.606539921E+02	1.164678521E+00	1.564464344E-03
6.612338520E+02	1.165941264E+00	1.564366192E-03
6.618146769E+02	1.167209349E+00	1.564269856E-03
6.623964648E+02	1.168482558E+00	1.564174497E-03
6.629792138E+02	1.169761479E+00	1.564078557E-03
6.635629219E+02	1.171046607E+00	1.563979490E-03
6.641475872E+02	1.172338678E+00	1.563872738E-03
6.647332076E+02	1.173639546E+00	1.563750306E-03
6.653197812E+02	1.174951659E+00	1.563598247E-03
6.659073058E+02	1.176279958E+00	1.563391914E-03
6.664957793E+02	1.177632603E+00	1.563087604E-03
6.670851997E+02	1.179024147E+00	1.562607555E-03
6.676755649E+02	1.180480408E+00	1.561808823E-03
6.682668728E+02	1.182047563E+00	1.560417267E-03
6.688591211E+02	1.183811978E+00	1.557868772E-03
6.694523077E+02	1.185943764E+00	1.552893044E-03
6.700464304E+02	1.188807434E+00	1.542369330E-03
6.706414870E+02	1.193247724E+00	1.518299917E-03
6.712374752E+02	1.201369684E+00	1.460810908E-03
6.718343927E+02	1.218481165E+00	1.328819366E-03
6.724322374E+02	1.256589719E+00	1.070571456E-03
6.730310069E+02	1.333281081E+00	6.984493864E-04
6.736306988E+02	1.445507932E+00	3.528155871E-04
6.742313109E+02	1.561745945E+00	1.722749264E-04
6.748328406E+02	1.660114007E+00	1.467226196E-04
6.754352858E+02	1.736544752E+00	2.001060658E-04
6.760386439E+02	1.794730753E+00	2.911627862E-04
6.766429126E+02	1.837064863E+00	3.981872202E-04
6.772480893E+02	1.866839542E+00	5.025141279E-04
6.778541716E+02	1.888143952E+00	5.943411783E-04
6.784611571E+02	1.903342145E+00	6.734359878E-04
6.790690431E+02	1.914353699E+00	7.425456660E-04
6.796778272E+02	1.922171004E+00	8.036633947E-04
6.802875068E+02	1.927766063E+00	8.580638214E-04
6.808980793E+02	1.931697700E+00	9.067707316E-04
6.815095422E+02	1.934346428E+00	9.505887804E-04
6.821218928E+02	1.936094499E+00	9.902167151E-04
6.827351285E+02	1.937080895E+00	1.026312083E-03
6.833492466E+02	1.937596731E+00	1.059401554E-03
6.839642445E+02	1.937584257E+00	1.089855808E-03
6.845801194E+02	1.937251450E+00	1.118213595E-03
6.851968687E+02	1.936602278E+00	1.144830861E-03
6.858144895E+02	1.935677175E+00	1.169850171E-03
6.864329791E+02	1.934503917E+00	1.193467144E-03
6.870523348E+02	1.933104247E+00	1.215853716E-03
6.876725537E+02	1.931495942E+00	1.237138877E-03
6.882936330E+02	1.929693447E+00	1.257432459E-03
6.889155699E+02	1.927709504E+00	1.276826159E-03
6.895383615E+02	1.925555892E+00	1.295394793E-03
6.901620048E+02	1.923242698E+00	1.313209345E-03
6.907864971E+02	1.920777916E+00	1.330331167E-03
6.914118353E+02	1.918169323E+00	1.346813201E-03
6.920380166E+02	1.915422598E+00	1.362701486E-03
6.926650379E+02	1.912545415E+00	1.378032515E-03
6.932928963E+02	1.909543147E+00	1.392841718E-03
6.939215887E+02	1.906422217E+00	1.407156392E-03
6.945511121E+02	1.903188264E+00	1.421003647E-03
6.951814635E+02	1.899847537E+00	1.434404635E-03
6.958126399E+02	1.896405476E+00	1.447382197E-03
6.964446380E+02	1.892868072E+00	1.459956408E-03
6.970774548E+02	1.889239529E+00	1.472148960E-03
6.977110871E+02	1.885524009E+00	1.483980271E-03
6.983455319E+02	1.881725262E+00	1.495469149E-03
6.989807859E+02	1.877845118E+00	1.506635666E-03
6.996168460E+02	1.873886057E+00	1.517498312E-03
7.002537089E+02	1.869849590E+00	1.528074494E-03
7.008913713E+02	1.865735343E+00	1.538383035E-03
7.015298302E+02	1.861543603E+00	1.548440512E-03
7.021690820E+02	1.857274514E+00	1.558265266E-03
7.028091237E+02	1.852924558E+00	1.567883219E-03
7.034499519E+02	1.848490290E+00	1.577329096E-03
7.040915631E+02	1.843960212E+00	1.586662440E-03
7.047339540E+02	1.839318344E+00	1.595980472E-03
7.053771214E+02	1.834537536E+00	1.605474484E-03
7.060210619E+02	1.829556497E+00	1.615540842E-03
7.066657719E+02	1.824238462E+00	1.627023753E-03
7.073112481E+02	1.818307158E+00	1.641704053E-03
7.079574870E+02	1.811138503E+00	1.663428324E-03
7.086044851E+02	1.801478894E+00	1.701091725E-03
7.092522390E+02	1.786354793E+00	1.779413293E-03
7.099007452E+02	1.758869806E+00	1.984234538E-03
7.105500001E+02	1.694001544E+00	2.813631900E-03
7.112000000E+02	1.565577443E+00	3.491579178E-03
VARIABLES = "x [mm]","p / p<sub>ref</sub>","C<sub>f,x</sub>"
ZONE T="SA, Wind-US"
4.305999756E+02	1.062253594E+00	1.576210000E-03
4.309020081E+02	1.062293291E+00	1.576060000E-03
4.312030029E+02	1.062313199E+00	1.575990000E-03
4.315050049E+02	1.062346339E+00	1.575870000E-03
4.318070068E+02	1.062372804E+00	1.575760000E-03
4.321080017E+02	1.062405944E+00	1.575660000E-03
4.324100037E+02	1.062438965E+00	1.575580000E-03
4.327119751E+02	1.062478781E+00	1.575490000E-03
4.330130005E+02	1.062511921E+00	1.575400000E-03
4.333150024E+02	1.062545061E+00	1.575310000E-03
4.336170044E+02	1.062584758E+00	1.575220000E-03
4.339179993E+02	1.062617898E+00	1.575130000E-03
4.342200012E+02	1.062657595E+00	1.575050000E-03
4.345220032E+02	1.062697411E+00	1.574970000E-03
4.348229980E+02	1.062737107E+00	1.574890000E-03
4.351250000E+02	1.062770247E+00	1.574810000E-03
4.354270020E+02	1.062809944E+00	1.574730000E-03
4.357280273E+02	1.062849760E+00	1.574640000E-03
4.360299988E+02	1.062889457E+00	1.574560000E-03
4.363320007E+02	1.062929273E+00	1.574470000E-03
4.366329956E+02	1.062975645E+00	1.574380000E-03
4.369349976E+02	1.063015342E+00	1.574300000E-03
4.372369995E+02	1.063055038E+00	1.574210000E-03
4.375379944E+02	1.063094854E+00	1.574130000E-03
4.378400269E+02	1.063141227E+00	1.574050000E-03
4.381419983E+02	1.063180923E+00	1.573970000E-03
4.384429932E+02	1.063227296E+00	1.573890000E-03
4.387449951E+02	1.063266993E+00	1.573810000E-03
4.390469971E+02	1.063313365E+00	1.573720000E-03
4.393480225E+02	1.063359737E+00	1.573640000E-03
4.396499939E+02	1.063399553E+00	1.573560000E-03
4.399519958E+02	1.063445926E+00	1.573470000E-03
4.402529907E+02	1.063492298E+00	1.573390000E-03
4.405549927E+02	1.063538671E+00	1.573310000E-03
4.408569946E+02	1.063584924E+00	1.573230000E-03
4.411579895E+02	1.063631415E+00	1.573150000E-03
4.414600220E+02	1.063677788E+00	1.573080000E-03
4.417619934E+02	1.063724160E+00	1.573000000E-03
4.420630188E+02	1.063770533E+00	1.572910000E-03
4.423649902E+02	1.063816786E+00	1.572830000E-03
4.426669922E+02	1.063863158E+00	1.572760000E-03
4.429680176E+02	1.063909531E+00	1.572670000E-03
4.432699890E+02	1.063956022E+00	1.572590000E-03
4.435720215E+02	1.064008951E+00	1.572510000E-03
4.438729858E+02	1.064055324E+00	1.572430000E-03
4.441750183E+02	1.064101696E+00	1.572350000E-03
4.444769897E+02	1.064154744E+00	1.572270000E-03
4.447779846E+02	1.064201117E+00	1.572200000E-03
4.450800171E+02	1.064254045E+00	1.572130000E-03
4.453819885E+02	1.064300418E+00	1.572050000E-03
4.456830139E+02	1.064353466E+00	1.571970000E-03
4.459849854E+02	1.064399838E+00	1.571890000E-03
4.462870178E+02	1.064452767E+00	1.571820000E-03
4.465880127E+02	1.064505816E+00	1.571740000E-03
4.468899841E+02	1.064552188E+00	1.571660000E-03
4.471920166E+02	1.064605117E+00	1.571590000E-03
4.474929810E+02	1.064658165E+00	1.571510000E-03
4.477950134E+02	1.064711094E+00	1.571430000E-03
4.480969849E+02	1.064757466E+00	1.571350000E-03
4.483979797E+02	1.064810395E+00	1.571280000E-03
4.487000122E+02	1.064863443E+00	1.571200000E-03
4.490019836E+02	1.064916492E+00	1.571130000E-03
4.493030090E+02	1.064969420E+00	1.571050000E-03
4.496049805E+02	1.065022469E+00	1.570980000E-03
4.499070129E+02	1.065075397E+00	1.570910000E-03
4.502080078E+02	1.065128446E+00	1.570840000E-03
4.505100098E+02	1.065181494E+00	1.570760000E-03
4.508120117E+02	1.065234423E+00	1.570680000E-03
4.511129761E+02	1.065287352E+00	1.570610000E-03
4.514150085E+02	1.065340400E+00	1.570540000E-03
4.517169800E+02	1.065393448E+00	1.570470000E-03
4.520180054E+02	1.065446377E+00	1.570400000E-03
4.523200073E+02	1.065505981E+00	1.570330000E-03
4.526220093E+02	1.065559030E+00	1.570270000E-03
4.529230042E+02	1.065611959E+00	1.570200000E-03
4.532249756E+02	1.065665007E+00	1.570130000E-03
4.535270081E+02	1.065717936E+00	1.570060000E-03
4.538280029E+02	1.065770984E+00	1.569990000E-03
4.541300049E+02	1.065824032E+00	1.569920000E-03
4.544320068E+02	1.065883636E+00	1.569850000E-03
4.547330017E+02	1.065936565E+00	1.569790000E-03
4.550350037E+02	1.065989614E+00	1.569720000E-03
4.553369751E+02	1.066042542E+00	1.569650000E-03
4.556380005E+02	1.066095591E+00	1.569580000E-03
4.559400024E+02	1.066148520E+00	1.569510000E-03
4.562420044E+02	1.066201568E+00	1.569450000E-03
4.565429993E+02	1.066254616E+00	1.569390000E-03
4.568449707E+02	1.066307545E+00	1.569320000E-03
4.571470032E+02	1.066360593E+00	1.569260000E-03
4.574479980E+02	1.066413522E+00	1.569190000E-03
4.577500000E+02	1.066466451E+00	1.569120000E-03
4.580520020E+02	1.066519499E+00	1.569050000E-03
4.583530273E+02	1.066572547E+00	1.568990000E-03
4.586549988E+02	1.066625476E+00	1.568930000E-03
4.589570007E+02	1.066678524E+00	1.568870000E-03
4.592579956E+02	1.066731453E+00	1.568810000E-03
4.595599976E+02	1.066784501E+00	1.568760000E-03
4.598619995E+02	1.066837430E+00	1.568700000E-03
4.601629944E+02	1.066890478E+00	1.568630000E-03
4.604650269E+02	1.066943407E+00	1.568570000E-03
4.607669983E+02	1.066996455E+00	1.568510000E-03
4.610679932E+02	1.067049503E+00	1.568460000E-03
4.613699951E+02	1.067102432E+00	1.568400000E-03
4.616719971E+02	1.067148805E+00	1.568340000E-03
4.619730225E+02	1.067201853E+00	1.568280000E-03
4.622749939E+02	1.067254782E+00	1.568220000E-03
4.625769958E+02	1.067307830E+00	1.568160000E-03
4.628779907E+02	1.067360759E+00	1.568100000E-03
4.631799927E+02	1.067407131E+00	1.568040000E-03
4.634819946E+02	1.067460179E+00	1.567990000E-03
4.637829895E+02	1.067513227E+00	1.567930000E-03
4.640850220E+02	1.067559481E+00	1.567880000E-03
4.643869934E+02	1.067612529E+00	1.567820000E-03
4.646879883E+02	1.067658901E+00	1.567770000E-03
4.649899902E+02	1.067711949E+00	1.567710000E-03
4.652919922E+02	1.067758203E+00	1.567660000E-03
4.655930176E+02	1.067811251E+00	1.567610000E-03
4.658949890E+02	1.067864180E+00	1.567560000E-03
4.661970215E+02	1.067910671E+00	1.567510000E-03
4.664979858E+02	1.067956924E+00	1.567460000E-03
4.668000183E+02	1.068009973E+00	1.567400000E-03
4.671019897E+02	1.068056345E+00	1.567350000E-03
4.674029846E+02	1.068109393E+00	1.567290000E-03
4.677050171E+02	1.068155646E+00	1.567250000E-03
4.680069885E+02	1.068202019E+00	1.567200000E-03
4.683080139E+02	1.068248391E+00	1.567140000E-03
4.686099854E+02	1.068301439E+00	1.567080000E-03
4.689120178E+02	1.068347812E+00	1.567030000E-03
4.692130127E+02	1.068394184E+00	1.566980000E-03
4.695149841E+02	1.068440557E+00	1.566930000E-03
4.698170166E+02	1.068486929E+00	1.566880000E-03
4.701179810E+02	1.068533301E+00	1.566830000E-03
4.704200134E+02	1.068579674E+00	1.566780000E-03
4.707219849E+02	1.068626046E+00	1.566720000E-03
4.710229797E+02	1.068672419E+00	1.566660000E-03
4.713250122E+02	1.068718672E+00	1.566610000E-03
4.716269836E+02	1.068758488E+00	1.566560000E-03
4.719280090E+02	1.068804860E+00	1.566510000E-03
4.722299805E+02	1.068851233E+00	1.566470000E-03
4.725320129E+02	1.068897605E+00	1.566420000E-03
4.728330078E+02	1.068937421E+00	1.566370000E-03
4.731350098E+02	1.068983674E+00	1.566310000E-03
4.734370117E+02	1.069030046E+00	1.566240000E-03
4.737380066E+02	1.069083095E+00	1.566090000E-03
4.740400085E+02	1.069149256E+00	1.565780000E-03
4.743419800E+02	1.069242001E+00	1.565060000E-03
4.746430054E+02	1.069427490E+00	1.563310000E-03
4.749450073E+02	1.069831610E+00	1.558900000E-03
4.752470093E+02	1.070798755E+00	1.547750000E-03
4.755480042E+02	1.073210001E+00	1.519550000E-03
4.758499756E+02	1.079204798E+00	1.449020000E-03
4.761520081E+02	1.092234612E+00	1.301480000E-03
4.764530029E+02	1.116704345E+00	1.041350000E-03
4.767550049E+02	1.158310771E+00	6.636110000E-04
4.770570068E+02	1.219041348E+00	2.429450000E-04
4.773580017E+02	1.293954134E+00	-1.103930000E-04
4.776600037E+02	1.373093247E+00	-3.376500000E-04
4.779619751E+02	1.447959661E+00	-4.557030000E-04
4.782630005E+02	1.514539361E+00	-5.085050000E-04
4.785650024E+02	1.572123289E+00	-5.290920000E-04
4.788670044E+02	1.621466875E+00	-5.343910000E-04
4.791679993E+02	1.663768888E+00	-5.321650000E-04
4.794700012E+02	1.700215101E+00	-5.260830000E-04
4.797720032E+02	1.731865406E+00	-5.181180000E-04
4.800729980E+02	1.759574413E+00	-5.094450000E-04
4.803750000E+02	1.784044147E+00	-5.006870000E-04
4.806770020E+02	1.805824399E+00	-4.921210000E-04
4.809780273E+02	1.825365663E+00	-4.839450000E-04
4.812799988E+02	1.843039036E+00	-4.762370000E-04
4.815820007E+02	1.859109282E+00	-4.690360000E-04
4.818829956E+02	1.873834968E+00	-4.624190000E-04
4.821849976E+02	1.887401104E+00	-4.566400000E-04
4.824869995E+02	1.899987102E+00	-4.522200000E-04
4.827879944E+02	1.911751628E+00	-4.497530000E-04
4.830900269E+02	1.922867060E+00	-4.499760000E-04
4.833919983E+02	1.933545113E+00	-4.543390000E-04
4.836929932E+02	1.944044471E+00	-4.635500000E-04
4.839949951E+02	1.954643130E+00	-4.770660000E-04
4.842969971E+02	1.965672493E+00	-4.927050000E-04
4.845980225E+02	1.976913810E+00	-5.134300000E-04
4.848999939E+02	1.989844084E+00	-5.330770000E-04
4.852020264E+02	2.003496408E+00	-5.430470000E-04
4.855029907E+02	2.017586231E+00	-5.506160000E-04
4.858049927E+02	2.032855034E+00	-5.556840000E-04
4.861069946E+02	2.048753023E+00	-5.534950000E-04
4.864079895E+02	2.065147877E+00	-5.435790000E-04
4.867100220E+02	2.081814289E+00	-5.270210000E-04
4.870119934E+02	2.098566771E+00	-5.062800000E-04
4.873129883E+02	2.115239859E+00	-4.822440000E-04
4.876149902E+02	2.131694317E+00	-4.555820000E-04
4.879169922E+02	2.147844076E+00	-4.269340000E-04
4.882180176E+02	2.163596392E+00	-3.969630000E-04
4.885199890E+02	2.178924799E+00	-3.659460000E-04
4.888220215E+02	2.193742990E+00	-3.343810000E-04
4.891229858E+02	2.208064318E+00	-3.027350000E-04
4.894250183E+02	2.221856117E+00	-2.710280000E-04
4.897269897E+02	2.235117674E+00	-2.394480000E-04
4.900279846E+02	2.247842550E+00	-2.081060000E-04
4.903300171E+02	2.260037899E+00	-1.770670000E-04
4.906319885E+02	2.271703005E+00	-1.463590000E-04
4.909330139E+02	2.282851458E+00	-1.159890000E-04
4.912349854E+02	2.293476820E+00	-8.595190000E-05
4.915370178E+02	2.303591728E+00	-5.622530000E-05
4.918380127E+02	2.313196898E+00	-2.677590000E-05
4.921399841E+02	2.322305202E+00	2.440800000E-06
4.924420166E+02	2.330903292E+00	3.146130000E-05
4.927429810E+02	2.339004755E+00	6.032660000E-05
4.930450134E+02	2.346602678E+00	8.907970000E-05
4.933469849E+02	2.353703737E+00	1.177540000E-04
4.936479797E+02	2.360294819E+00	1.463810000E-04
4.939500122E+02	2.366375923E+00	1.749850000E-04
4.942519836E+02	2.371946573E+00	2.035850000E-04
4.945530090E+02	2.377000809E+00	2.321860000E-04
4.948549805E+02	2.381538391E+00	2.607860000E-04
4.951570129E+02	2.385552883E+00	2.893760000E-04
4.954580078E+02	2.389050484E+00	3.179440000E-04
4.957599792E+02	2.392024517E+00	3.464720000E-04
4.960620117E+02	2.394475460E+00	3.749310000E-04
4.963630066E+02	2.396409750E+00	4.032890000E-04
4.966650085E+02	2.397834063E+00	4.315380000E-04
4.969669800E+02	2.398728132E+00	4.594260000E-04
4.972680054E+02	2.399185419E+00	4.879030000E-04
4.975700073E+02	2.399125576E+00	5.145330000E-04
4.978720093E+02	2.398542643E+00	5.425600000E-04
4.981730042E+02	2.397562504E+00	5.694350000E-04
4.984749756E+02	2.396118402E+00	5.962090000E-04
4.987770081E+02	2.394256830E+00	6.226500000E-04
4.990780029E+02	2.391991377E+00	6.488190000E-04
4.993800049E+02	2.389335155E+00	6.747330000E-04
4.996820068E+02	2.386321068E+00	7.004290000E-04
4.999830017E+02	2.382962704E+00	7.259470000E-04
5.002850342E+02	2.379286289E+00	7.513020000E-04
5.005869751E+02	2.375305176E+00	7.765060000E-04
5.008880005E+02	2.371039152E+00	8.015350000E-04
5.011900024E+02	2.366508245E+00	8.263500000E-04
5.014920349E+02	2.361725807E+00	8.509120000E-04
5.017930298E+02	2.356710911E+00	8.751800000E-04
5.020949707E+02	2.351477861E+00	8.991200000E-04
5.023970032E+02	2.346032858E+00	9.227200000E-04
5.026979980E+02	2.340402365E+00	9.459550000E-04
5.030000305E+02	2.334586143E+00	9.688080000E-04
5.033019714E+02	2.328611374E+00	9.912820000E-04
5.036029663E+02	2.322477341E+00	1.013380000E-03
5.039049988E+02	2.316197634E+00	1.035100000E-03
5.042070007E+02	2.309785366E+00	1.056430000E-03
5.045080261E+02	2.303247452E+00	1.077390000E-03
5.048099670E+02	2.296596527E+00	1.097970000E-03
5.051119995E+02	2.289833546E+00	1.118170000E-03
5.054129944E+02	2.282970667E+00	1.138020000E-03
5.057150269E+02	2.276015282E+00	1.157500000E-03
5.060170288E+02	2.268973827E+00	1.176630000E-03
5.063179626E+02	2.261846304E+00	1.195410000E-03
5.066199951E+02	2.254652262E+00	1.213840000E-03
5.069219971E+02	2.247385740E+00	1.231930000E-03
5.072230225E+02	2.240052700E+00	1.249690000E-03
5.075250244E+02	2.232666731E+00	1.267110000E-03
5.078269958E+02	2.225220919E+00	1.284220000E-03
5.081279907E+02	2.217722416E+00	1.301010000E-03
5.084299927E+02	2.210184097E+00	1.317480000E-03
5.087320251E+02	2.202599525E+00	1.333650000E-03
5.090330200E+02	2.194968462E+00	1.349520000E-03
5.093349915E+02	2.187304258E+00	1.365090000E-03
5.096369934E+02	2.179600239E+00	1.380370000E-03
5.099379883E+02	2.171863317E+00	1.395360000E-03
5.102400208E+02	2.164099693E+00	1.410060000E-03
5.105419617E+02	2.156309843E+00	1.424490000E-03
5.108429871E+02	2.148499727E+00	1.438640000E-03
5.111449890E+02	2.140663385E+00	1.452520000E-03
5.114470215E+02	2.132807255E+00	1.466120000E-03
5.117480164E+02	2.124937773E+00	1.479460000E-03
5.120499878E+02	2.117048264E+00	1.492530000E-03
5.123519897E+02	2.109152079E+00	1.505350000E-03
5.126530151E+02	2.101243019E+00	1.517900000E-03
5.129550171E+02	2.093327045E+00	1.530190000E-03
5.132570190E+02	2.085404396E+00	1.542240000E-03
5.135579834E+02	2.077481985E+00	1.554040000E-03
5.138599854E+02	2.069559574E+00	1.565590000E-03
5.141619873E+02	2.061636925E+00	1.576910000E-03
5.144630127E+02	2.053714514E+00	1.587980000E-03
5.147650146E+02	2.045791864E+00	1.598830000E-03
5.150669556E+02	2.037882805E+00	1.609440000E-03
5.153679810E+02	2.029973507E+00	1.619820000E-03
5.156699829E+02	2.022077322E+00	1.629970000E-03
5.159720459E+02	2.014194489E+00	1.639910000E-03
5.162730103E+02	2.006318569E+00	1.649630000E-03
5.165749512E+02	1.998455524E+00	1.659140000E-03
5.168770142E+02	1.990599275E+00	1.668440000E-03
5.171779785E+02	1.982762814E+00	1.677530000E-03
5.174800415E+02	1.974946260E+00	1.686420000E-03
5.177819824E+02	1.967136502E+00	1.695110000E-03
5.180829468E+02	1.959346294E+00	1.703600000E-03
5.183850098E+02	1.951576233E+00	1.711900000E-03
5.186870117E+02	1.943825960E+00	1.720020000E-03
5.189880371E+02	1.936088920E+00	1.727940000E-03
5.192899780E+02	1.928378344E+00	1.735690000E-03
5.195919800E+02	1.920687675E+00	1.743240000E-03
5.198930054E+02	1.913016915E+00	1.750620000E-03
5.201950073E+02	1.905366063E+00	1.757830000E-03
5.204970093E+02	1.897741437E+00	1.764860000E-03
5.207980347E+02	1.890136957E+00	1.771720000E-03
5.210999756E+02	1.882558942E+00	1.778400000E-03
5.214019775E+02	1.875000715E+00	1.784930000E-03
5.217030029E+02	1.867475748E+00	1.791290000E-03
5.220050049E+02	1.859970450E+00	1.797490000E-03
5.223070068E+02	1.852498293E+00	1.803530000E-03
5.226079712E+02	1.845046163E+00	1.809420000E-03
5.229099731E+02	1.837627053E+00	1.815150000E-03
5.232120361E+02	1.830234528E+00	1.820730000E-03
5.235130005E+02	1.822868466E+00	1.826150000E-03
5.238150024E+02	1.815535426E+00	1.831430000E-03
5.241170044E+02	1.808235645E+00	1.836570000E-03
5.244179688E+02	1.800962210E+00	1.841560000E-03
5.247200317E+02	1.793715477E+00	1.846420000E-03
5.250219727E+02	1.786501646E+00	1.851140000E-03
5.253229980E+02	1.779321074E+00	1.855730000E-03
5.256250000E+02	1.772173524E+00	1.860170000E-03
5.259270020E+02	1.765052557E+00	1.864490000E-03
5.262280273E+02	1.757964730E+00	1.868680000E-03
5.265300293E+02	1.750916481E+00	1.872740000E-03
5.268319702E+02	1.743894935E+00	1.876680000E-03
5.271329956E+02	1.736906409E+00	1.880500000E-03
5.274349976E+02	1.729951024E+00	1.884200000E-03
5.277369995E+02	1.723035455E+00	1.887790000E-03
5.280380249E+02	1.716146350E+00	1.891250000E-03
5.283399658E+02	1.709290266E+00	1.894610000E-03
5.286420288E+02	1.702473998E+00	1.897840000E-03
5.289429932E+02	1.695690751E+00	1.900970000E-03
5.292449951E+02	1.688940763E+00	1.903990000E-03
5.295469971E+02	1.682223797E+00	1.906910000E-03
5.298479614E+02	1.675540090E+00	1.909720000E-03
5.301500244E+02	1.668889403E+00	1.912430000E-03
5.304520264E+02	1.662271738E+00	1.915040000E-03
5.307529907E+02	1.655693889E+00	1.917540000E-03
5.310549927E+02	1.649149299E+00	1.919950000E-03
5.313569946E+02	1.642637730E+00	1.922270000E-03
5.316580200E+02	1.636159301E+00	1.924490000E-03
5.319600220E+02	1.629720569E+00	1.926620000E-03
5.322620239E+02	1.623308420E+00	1.928670000E-03
5.325629883E+02	1.616935849E+00	1.930620000E-03
5.328649902E+02	1.610596538E+00	1.932490000E-03
5.331669922E+02	1.604290247E+00	1.934260000E-03
5.334680176E+02	1.598017216E+00	1.935960000E-03
5.337700195E+02	1.591783881E+00	1.937570000E-03
5.340719604E+02	1.585577011E+00	1.939100000E-03
5.343729858E+02	1.579409838E+00	1.940550000E-03
5.346749878E+02	1.573275924E+00	1.941930000E-03
5.349769897E+02	1.567175031E+00	1.943230000E-03
5.352780151E+02	1.561107397E+00	1.944450000E-03
5.355799561E+02	1.555072665E+00	1.945600000E-03
5.358820190E+02	1.549077749E+00	1.946680000E-03
5.361829834E+02	1.543109417E+00	1.947690000E-03
5.364850464E+02	1.537180781E+00	1.948630000E-03
5.367869873E+02	1.531278610E+00	1.949490000E-03
5.370879517E+02	1.525416255E+00	1.950290000E-03
5.373900146E+02	1.519580364E+00	1.951030000E-03
5.376920166E+02	1.513784170E+00	1.951720000E-03
5.379930420E+02	1.508014560E+00	1.952380000E-03
5.382949829E+02	1.502271295E+00	1.953020000E-03
5.385969849E+02	1.496561289E+00	1.953630000E-03
5.388980103E+02	1.490884304E+00	1.953770000E-03
5.392000122E+02	1.485273719E+00	1.954050000E-03
5.395000000E+02	1.479709387E+00	1.954360000E-03
5.398010254E+02	1.474145055E+00	1.954550000E-03
5.401030273E+02	1.468613863E+00	1.954690000E-03
5.404049683E+02	1.463095903E+00	1.954830000E-03
5.407090454E+02	1.457597852E+00	1.954920000E-03
5.410130005E+02	1.452113032E+00	1.954970000E-03
5.413190308E+02	1.446648121E+00	1.954940000E-03
5.416250000E+02	1.441196322E+00	1.954860000E-03
5.419320068E+02	1.435757995E+00	1.954740000E-03
5.422400513E+02	1.430339336E+00	1.954550000E-03
5.425490112E+02	1.424940586E+00	1.954320000E-03
5.428590088E+02	1.419555187E+00	1.954030000E-03
5.431690063E+02	1.414189696E+00	1.953700000E-03
5.434810181E+02	1.408843875E+00	1.953310000E-03
5.437930298E+02	1.403511405E+00	1.952880000E-03
5.441069946E+02	1.398198843E+00	1.952390000E-03
5.444210205E+02	1.392899513E+00	1.951860000E-03
5.447360229E+02	1.387626648E+00	1.951270000E-03
5.450520020E+02	1.382367015E+00	1.950640000E-03
5.453690186E+02	1.377120733E+00	1.949960000E-03
5.456870117E+02	1.371900797E+00	1.949240000E-03
5.460060425E+02	1.366694212E+00	1.948470000E-03
5.463259888E+02	1.361507535E+00	1.947660000E-03
5.466470337E+02	1.356340647E+00	1.946800000E-03
5.469679565E+02	1.351193666E+00	1.945890000E-03
5.472909546E+02	1.346066594E+00	1.944940000E-03
5.476139526E+02	1.340952754E+00	1.943940000E-03
5.479390259E+02	1.335865259E+00	1.942900000E-03
5.482640381E+02	1.330791235E+00	1.941830000E-03
5.485900269E+02	1.325736880E+00	1.940700000E-03
5.489169922E+02	1.320709109E+00	1.939540000E-03
5.492460327E+02	1.315694690E+00	1.938350000E-03
5.495749512E+02	1.310706615E+00	1.937100000E-03
5.499050293E+02	1.305731893E+00	1.935810000E-03
5.502349854E+02	1.300777078E+00	1.934500000E-03
5.505669556E+02	1.295848608E+00	1.933120000E-03
5.508999634E+02	1.290940166E+00	1.931720000E-03
5.512340088E+02	1.286044836E+00	1.930270000E-03
5.515679932E+02	1.281176090E+00	1.928790000E-03
5.519040527E+02	1.276327133E+00	1.927280000E-03
5.522399902E+02	1.271498203E+00	1.925720000E-03
5.525780029E+02	1.266695619E+00	1.924120000E-03
5.529160156E+02	1.261906385E+00	1.922480000E-03
5.532559814E+02	1.257150173E+00	1.920810000E-03
5.535960083E+02	1.252407193E+00	1.919110000E-03
5.539370117E+02	1.247690916E+00	1.917350000E-03
5.542790527E+02	1.242994308E+00	1.915570000E-03
5.546229858E+02	1.238324285E+00	1.913750000E-03
5.549669800E+02	1.233680725E+00	1.911890000E-03
5.553119507E+02	1.229050398E+00	1.910010000E-03
5.556579590E+02	1.224453211E+00	1.908080000E-03
5.560050049E+02	1.219875932E+00	1.906120000E-03
5.563529663E+02	1.215325117E+00	1.904130000E-03
5.567020264E+02	1.210800767E+00	1.902110000E-03
5.570520020E+02	1.206296325E+00	1.900050000E-03
5.574020386E+02	1.201818466E+00	1.897960000E-03
5.577539673E+02	1.197366953E+00	1.895840000E-03
5.581069946E+02	1.192942023E+00	1.893690000E-03
5.584609985E+02	1.188543558E+00	1.891490000E-03
5.588150024E+02	1.184165001E+00	1.889280000E-03
5.591710205E+02	1.179819584E+00	1.887040000E-03
5.595280151E+02	1.175500512E+00	1.884770000E-03
5.598850098E+02	1.171208143E+00	1.882470000E-03
5.602440186E+02	1.166942120E+00	1.880150000E-03
5.606040039E+02	1.162702680E+00	1.877790000E-03
5.609639893E+02	1.158496261E+00	1.875400000E-03
5.613260498E+02	1.154309750E+00	1.872980000E-03
5.616879883E+02	1.150163054E+00	1.870530000E-03
5.620520020E+02	1.146036267E+00	1.868060000E-03
5.624160156E+02	1.141949058E+00	1.865550000E-03
5.627819824E+02	1.137888432E+00	1.863020000E-03
5.631480103E+02	1.133854389E+00	1.860450000E-03
5.635159912E+02	1.129859924E+00	1.857860000E-03
5.638840332E+02	1.125898719E+00	1.855240000E-03
5.642529907E+02	1.121970534E+00	1.852590000E-03
5.646240234E+02	1.118075490E+00	1.849910000E-03
5.649949951E+02	1.114213586E+00	1.847200000E-03
5.653679810E+02	1.110391378E+00	1.844450000E-03
5.657410278E+02	1.106602430E+00	1.841670000E-03
5.661150513E+02	1.102859735E+00	1.838870000E-03
5.664910278E+02	1.099150181E+00	1.836030000E-03
5.668670044E+02	1.095480442E+00	1.833150000E-03
5.672440186E+02	1.091857076E+00	1.830240000E-03
5.676230469E+02	1.088279963E+00	1.827290000E-03
5.680020142E+02	1.084742665E+00	1.824280000E-03
5.683829956E+02	1.081258297E+00	1.821240000E-03
5.687639771E+02	1.077820420E+00	1.818170000E-03
5.691459961E+02	1.074435472E+00	1.815050000E-03
5.695300293E+02	1.071103454E+00	1.811880000E-03
5.699140015E+02	1.067831159E+00	1.808670000E-03
5.702990112E+02	1.064625025E+00	1.805400000E-03
5.706859741E+02	1.061478496E+00	1.802060000E-03
5.710729980E+02	1.058398247E+00	1.798660000E-03
5.714619751E+02	1.055384278E+00	1.795200000E-03
5.718510132E+02	1.052449703E+00	1.791680000E-03
5.722420044E+02	1.049594760E+00	1.788100000E-03
5.726330566E+02	1.046825767E+00	1.784440000E-03
5.730260010E+02	1.044142962E+00	1.780710000E-03
5.734189453E+02	1.041553020E+00	1.776910000E-03
5.738139648E+02	1.039062262E+00	1.773050000E-03
5.742089844E+02	1.036670923E+00	1.769120000E-03
5.746060181E+02	1.034385562E+00	1.765100000E-03
5.750030518E+02	1.032212853E+00	1.761020000E-03
5.754020386E+02	1.030159354E+00	1.756890000E-03
5.758010254E+02	1.028218508E+00	1.752700000E-03
5.762019653E+02	1.026403427E+00	1.748450000E-03
5.766040039E+02	1.024720907E+00	1.744150000E-03
5.770059814E+02	1.023170829E+00	1.739810000E-03
5.774099731E+02	1.021753311E+00	1.735420000E-03
5.778150024E+02	1.020468235E+00	1.731000000E-03
5.782210083E+02	1.019322276E+00	1.726580000E-03
5.786270142E+02	1.018321991E+00	1.722150000E-03
5.790349731E+02	1.017460823E+00	1.717720000E-03
5.794439697E+02	1.016732216E+00	1.713310000E-03
5.798540039E+02	1.016142607E+00	1.708940000E-03
5.802650146E+02	1.015679002E+00	1.704600000E-03
5.806770020E+02	1.015354395E+00	1.700380000E-03
5.810899658E+02	1.015155673E+00	1.695960000E-03
5.815039673E+02	1.015082836E+00	1.691840000E-03
5.819190063E+02	1.015135765E+00	1.687940000E-03
5.823350220E+02	1.015288115E+00	1.683990000E-03
5.827520142E+02	1.015539765E+00	1.680170000E-03
5.831699829E+02	1.015890837E+00	1.676510000E-03
5.835889893E+02	1.016321421E+00	1.673010000E-03
5.840100098E+02	1.016838193E+00	1.669650000E-03
5.844309692E+02	1.017421126E+00	1.666440000E-03
5.848529663E+02	1.018063664E+00	1.663400000E-03
5.852770386E+02	1.018745899E+00	1.660530000E-03
5.857009888E+02	1.019474626E+00	1.657820000E-03
5.861260376E+02	1.020242929E+00	1.655260000E-03
5.865529785E+02	1.021031260E+00	1.652850000E-03
5.869799805E+02	1.021839499E+00	1.650590000E-03
5.874089966E+02	1.022654176E+00	1.648460000E-03
5.878389893E+02	1.023482203E+00	1.646460000E-03
5.882689819E+02	1.024303555E+00	1.644570000E-03
5.887009888E+02	1.025131583E+00	1.642780000E-03
5.891339722E+02	1.025946379E+00	1.641080000E-03
5.895670166E+02	1.026761174E+00	1.639450000E-03
5.900020142E+02	1.027562737E+00	1.637890000E-03
5.904379883E+02	1.028364301E+00	1.636400000E-03
5.908750000E+02	1.029145956E+00	1.634930000E-03
5.913129883E+02	1.029920936E+00	1.633510000E-03
5.917520142E+02	1.030689359E+00	1.632120000E-03
5.921920166E+02	1.031451106E+00	1.630750000E-03
5.926329956E+02	1.032206297E+00	1.629400000E-03
5.930759888E+02	1.032961369E+00	1.628060000E-03
5.935189819E+02	1.033709884E+00	1.626740000E-03
5.939630127E+02	1.034458518E+00	1.625450000E-03
5.944089966E+02	1.035207033E+00	1.624180000E-03
5.948549805E+02	1.035962105E+00	1.622910000E-03
5.953020020E+02	1.036710739E+00	1.621670000E-03
5.957509766E+02	1.037465811E+00	1.620450000E-03
5.962000122E+02	1.038227677E+00	1.619250000E-03
5.966510010E+02	1.038989425E+00	1.618090000E-03
5.971030273E+02	1.039757848E+00	1.616950000E-03
5.975559692E+02	1.040526271E+00	1.615830000E-03
5.980089722E+02	1.041301250E+00	1.614750000E-03
5.984639893E+02	1.042076349E+00	1.613700000E-03
5.989199829E+02	1.042851329E+00	1.612660000E-03
5.993769531E+02	1.043632984E+00	1.611630000E-03
5.998349609E+02	1.044414639E+00	1.610630000E-03
6.002940063E+02	1.045196295E+00	1.609640000E-03
6.007540283E+02	1.045977950E+00	1.608660000E-03
6.012150269E+02	1.046766281E+00	1.607700000E-03
6.016780396E+02	1.047554493E+00	1.606730000E-03
6.021410522E+02	1.048342824E+00	1.605780000E-03
6.026049805E+02	1.049137712E+00	1.604820000E-03
6.030709839E+02	1.049932599E+00	1.603880000E-03
6.035370483E+02	1.050734043E+00	1.602920000E-03
6.040050049E+02	1.051535606E+00	1.601980000E-03
6.044730225E+02	1.052343845E+00	1.601050000E-03
6.049429932E+02	1.053158522E+00	1.600120000E-03
6.054140015E+02	1.053979874E+00	1.599210000E-03
6.058850098E+02	1.054801345E+00	1.598310000E-03
6.063579712E+02	1.055635929E+00	1.597430000E-03
6.068320312E+02	1.056477189E+00	1.596560000E-03
6.073070068E+02	1.057325125E+00	1.595710000E-03
6.077830200E+02	1.058179617E+00	1.594870000E-03
6.082599487E+02	1.059040785E+00	1.594040000E-03
6.087379761E+02	1.059915185E+00	1.593230000E-03
6.092169800E+02	1.060789585E+00	1.592420000E-03
6.096979980E+02	1.061677217E+00	1.591620000E-03
6.101790161E+02	1.062571526E+00	1.590830000E-03
6.106609497E+02	1.063479066E+00	1.590040000E-03
6.111450195E+02	1.064393163E+00	1.589260000E-03
6.116290283E+02	1.065313935E+00	1.588470000E-03
6.121150513E+02	1.066241264E+00	1.587690000E-03
6.126009521E+02	1.067175269E+00	1.586940000E-03
6.130890503E+02	1.068115950E+00	1.586220000E-03
6.135780029E+02	1.069056630E+00	1.585510000E-03
6.140670166E+02	1.070010424E+00	1.584830000E-03
6.145579834E+02	1.070957780E+00	1.584180000E-03
6.150499878E+02	1.071898341E+00	1.583560000E-03
6.155430298E+02	1.072845578E+00	1.582990000E-03
6.160369873E+02	1.073786259E+00	1.582450000E-03
6.165320435E+02	1.074713588E+00	1.581950000E-03
6.170280151E+02	1.075641036E+00	1.581480000E-03
6.175249634E+02	1.076555133E+00	1.581030000E-03
6.180229492E+02	1.077455997E+00	1.580620000E-03
6.185230103E+02	1.078356862E+00	1.580200000E-03
6.190230103E+02	1.079244614E+00	1.579770000E-03
6.195239868E+02	1.080132246E+00	1.579340000E-03
6.200269775E+02	1.081019878E+00	1.578880000E-03
6.205300293E+02	1.081907511E+00	1.578370000E-03
6.210349731E+02	1.082801819E+00	1.577860000E-03
6.215400391E+02	1.083702683E+00	1.577330000E-03
6.220469971E+02	1.084616780E+00	1.576740000E-03
6.225549927E+02	1.085550785E+00	1.576130000E-03
6.230630493E+02	1.086491466E+00	1.575500000E-03
6.235729980E+02	1.087458491E+00	1.574880000E-03
6.240839844E+02	1.088438988E+00	1.574240000E-03
6.245960083E+02	1.089439154E+00	1.573600000E-03
6.251090088E+02	1.090459347E+00	1.572980000E-03
6.256229858E+02	1.091492653E+00	1.572380000E-03
6.261380005E+02	1.092539191E+00	1.571820000E-03
6.266540527E+02	1.093599081E+00	1.571260000E-03
6.271709595E+02	1.094665766E+00	1.570720000E-03
6.276890259E+02	1.095732212E+00	1.570230000E-03
6.282080078E+02	1.096811891E+00	1.569770000E-03
6.287290039E+02	1.097885013E+00	1.569350000E-03
6.292500000E+02	1.098964691E+00	1.568930000E-03
6.297720337E+02	1.100037932E+00	1.568530000E-03
6.302960205E+02	1.101117611E+00	1.568150000E-03
6.308199463E+02	1.102197409E+00	1.567780000E-03
6.313449707E+02	1.103277087E+00	1.567410000E-03
6.318720093E+02	1.104356766E+00	1.567040000E-03
6.323990479E+02	1.105443239E+00	1.566670000E-03
6.329280396E+02	1.106529593E+00	1.566300000E-03
6.334580078E+02	1.107622623E+00	1.565940000E-03
6.339880371E+02	1.108715534E+00	1.565570000E-03
6.345200195E+02	1.109815121E+00	1.565210000E-03
6.350529785E+02	1.110921383E+00	1.564870000E-03
6.355859985E+02	1.112027645E+00	1.564540000E-03
6.361209717E+02	1.113140464E+00	1.564240000E-03
6.366569824E+02	1.114246726E+00	1.563940000E-03
6.371939697E+02	1.115366220E+00	1.563660000E-03
6.377320557E+02	1.116479039E+00	1.563380000E-03
6.382709961E+02	1.117591977E+00	1.563100000E-03
6.388099976E+02	1.118711472E+00	1.562830000E-03
6.393510132E+02	1.119830847E+00	1.562570000E-03
6.398930054E+02	1.120950341E+00	1.562310000E-03
6.404359741E+02	1.122076511E+00	1.562040000E-03
6.409799805E+02	1.123202562E+00	1.561790000E-03
6.415249634E+02	1.124328732E+00	1.561540000E-03
6.420709839E+02	1.125461459E+00	1.561310000E-03
6.426190186E+02	1.126594305E+00	1.561080000E-03
6.431669922E+02	1.127733588E+00	1.560860000E-03
6.437160034E+02	1.128872871E+00	1.560640000E-03
6.442659912E+02	1.130012274E+00	1.560420000E-03
6.448170166E+02	1.131164908E+00	1.560210000E-03
6.453690186E+02	1.132310867E+00	1.560000000E-03
6.459219971E+02	1.133463502E+00	1.559810000E-03
6.464759521E+02	1.134616137E+00	1.559620000E-03
6.470320435E+02	1.135775328E+00	1.559440000E-03
6.475880127E+02	1.136927962E+00	1.559270000E-03
6.481450195E+02	1.138087153E+00	1.559100000E-03
6.487030029E+02	1.139246464E+00	1.558950000E-03
6.492620239E+02	1.140405655E+00	1.558790000E-03
6.498220215E+02	1.141564846E+00	1.558650000E-03
6.503840332E+02	1.142730713E+00	1.558520000E-03
6.509460449E+02	1.143896580E+00	1.558380000E-03
6.515089722E+02	1.145062447E+00	1.558220000E-03
6.520729980E+02	1.146234989E+00	1.558070000E-03
6.526380005E+02	1.147413969E+00	1.557910000E-03
6.532049561E+02	1.148599744E+00	1.557770000E-03
6.537719727E+02	1.149785519E+00	1.557620000E-03
6.543400269E+02	1.150984406E+00	1.557480000E-03
6.549089966E+02	1.152183414E+00	1.557320000E-03
6.554790039E+02	1.153389096E+00	1.557170000E-03
6.560500488E+02	1.154601216E+00	1.557040000E-03
6.566220093E+02	1.155813456E+00	1.556890000E-03
6.571949463E+02	1.157032371E+00	1.556770000E-03
6.577690430E+02	1.158264399E+00	1.556650000E-03
6.583439941E+02	1.159489870E+00	1.556540000E-03
6.589199829E+02	1.160728574E+00	1.556430000E-03
6.594970093E+02	1.161960602E+00	1.556340000E-03
6.600750122E+02	1.163199425E+00	1.556250000E-03
6.606539917E+02	1.164444685E+00	1.556150000E-03
6.612340088E+02	1.165696740E+00	1.556060000E-03
6.618150024E+02	1.166948676E+00	1.555960000E-03
6.623970337E+02	1.168207288E+00	1.555860000E-03
6.629790039E+02	1.169472456E+00	1.555760000E-03
6.635629883E+02	1.170737743E+00	1.555670000E-03
6.641479492E+02	1.172009587E+00	1.555580000E-03
6.647329712E+02	1.173287988E+00	1.555490000E-03
6.653200073E+02	1.174573064E+00	1.555400000E-03
6.659070435E+02	1.175864816E+00	1.555320000E-03
6.664959717E+02	1.177163124E+00	1.555250000E-03
6.670850220E+02	1.178461552E+00	1.555190000E-03
6.676759644E+02	1.179766536E+00	1.555150000E-03
6.682670288E+02	1.181071401E+00	1.555130000E-03
6.688590088E+02	1.182383060E+00	1.555060000E-03
6.694520264E+02	1.183727860E+00	1.554700000E-03
6.700469971E+02	1.185224891E+00	1.553140000E-03
6.706420288E+02	1.187231898E+00	1.546410000E-03
6.712379761E+02	1.190954804E+00	1.523860000E-03
6.718339844E+02	1.201295137E+00	1.438520000E-03
6.724320068E+02	1.234409332E+00	1.162490000E-03
6.730309448E+02	1.303897023E+00	7.059300000E-04
6.736310425E+02	1.415342331E+00	2.432360000E-04
6.742310181E+02	1.540049076E+00	1.000910000E-05
6.748330078E+02	1.648718715E+00	7.182970000E-06
6.754349976E+02	1.730242491E+00	8.634140000E-05
6.760390015E+02	1.792754889E+00	1.943630000E-04
6.766430054E+02	1.837938428E+00	3.246940000E-04
6.772479858E+02	1.869237661E+00	4.508820000E-04
6.778540039E+02	1.890554190E+00	5.590750000E-04
6.784609985E+02	1.905081153E+00	6.496050000E-04
6.790689697E+02	1.914706111E+00	7.251120000E-04
6.796780396E+02	1.921462774E+00	7.889020000E-04
6.802880249E+02	1.926152587E+00	8.448310000E-04
6.808980103E+02	1.929464698E+00	8.940540000E-04
6.815099487E+02	1.931796432E+00	9.378710000E-04
6.821220093E+02	1.933386326E+00	9.773520000E-04
6.827350464E+02	1.934399724E+00	1.013240000E-03
6.833489990E+02	1.934949517E+00	1.046390000E-03
6.839639893E+02	1.935135007E+00	1.076700000E-03
6.845800171E+02	1.934949517E+00	1.105110000E-03
6.851970215E+02	1.934452772E+00	1.131920000E-03
6.858150024E+02	1.933697581E+00	1.156980000E-03
6.864330444E+02	1.932684064E+00	1.180720000E-03
6.870520020E+02	1.931438804E+00	1.203260000E-03
6.876729736E+02	1.929974794E+00	1.224730000E-03
6.882940063E+02	1.928298831E+00	1.245260000E-03
6.889160156E+02	1.926417589E+00	1.264920000E-03
6.895380249E+02	1.924350858E+00	1.283750000E-03
6.901619873E+02	1.922111869E+00	1.301790000E-03
6.907869873E+02	1.919707298E+00	1.319100000E-03
6.914119873E+02	1.917163610E+00	1.335720000E-03
6.920380249E+02	1.914480805E+00	1.351710000E-03
6.926649780E+02	1.911672235E+00	1.367100000E-03
6.932929688E+02	1.908750892E+00	1.381950000E-03
6.939219971E+02	1.905717015E+00	1.396310000E-03
6.945509644E+02	1.902570486E+00	1.410200000E-03
6.951820068E+02	1.899318099E+00	1.423650000E-03
6.958129883E+02	1.895966291E+00	1.436690000E-03
6.964450073E+02	1.892508388E+00	1.449330000E-03
6.970780029E+02	1.888964415E+00	1.461590000E-03
6.977109985E+02	1.885321140E+00	1.473500000E-03
6.983460083E+02	1.881591797E+00	1.485070000E-03
6.989809570E+02	1.877776265E+00	1.496330000E-03
6.996170044E+02	1.873874664E+00	1.507280000E-03
7.002540283E+02	1.869893551E+00	1.517950000E-03
7.008909912E+02	1.865826249E+00	1.528330000E-03
7.015299683E+02	1.861686110E+00	1.538440000E-03
7.021690063E+02	1.857466459E+00	1.548280000E-03
7.028089600E+02	1.853174090E+00	1.557870000E-03
7.034500122E+02	1.848815322E+00	1.567210000E-03
7.040920410E+02	1.844383717E+00	1.576310000E-03
7.047340088E+02	1.839892626E+00	1.585190000E-03
7.053769531E+02	1.835335135E+00	1.593850000E-03
7.060209961E+02	1.830704808E+00	1.602330000E-03
7.066660156E+02	1.826014876E+00	1.610640000E-03
7.073109741E+02	1.821245551E+00	1.618830000E-03
7.079580078E+02	1.816396594E+00	1.627010000E-03
7.086049805E+02	1.811461568E+00	1.635080000E-03
7.092520142E+02	1.806566358E+00	1.641920000E-03
7.099010010E+02	1.802141309E+00	1.645990000E-03
7.105499878E+02	1.798239708E+00	1.632120000E-03
7.112000122E+02	1.798239708E+00	1.632120000E-03
VARIABLES = "x [mm]","p / p<sub>ref</sub>","C<sub>f,x</sub>"
ZONE T="SA, VULCAN"
4.306000000E+02	1.062216323E+00	1.592472893E-03
4.309016667E+02	1.062259721E+00	1.592449610E-03
4.312033333E+02	1.062297961E+00	1.592397978E-03
4.315050000E+02	1.062337260E+00	1.592318175E-03
4.318066667E+02	1.062377112E+00	1.592240410E-03
4.321083333E+02	1.062417465E+00	1.592165962E-03
4.324100000E+02	1.062458165E+00	1.592093727E-03
4.327116667E+02	1.062499098E+00	1.592022888E-03
4.330133333E+02	1.062540192E+00	1.591952922E-03
4.333150000E+02	1.062581417E+00	1.591883189E-03
4.336166667E+02	1.062622774E+00	1.591813398E-03
4.339183333E+02	1.062664272E+00	1.591743549E-03
4.342200000E+02	1.062705922E+00	1.591673700E-03
4.345216667E+02	1.062747728E+00	1.591603792E-03
4.348233333E+02	1.062789695E+00	1.591533830E-03
4.351250000E+02	1.062831827E+00	1.591463864E-03
4.354266667E+02	1.062874130E+00	1.591393899E-03
4.357283333E+02	1.062916616E+00	1.591323820E-03
4.360300000E+02	1.062959301E+00	1.591253505E-03
4.363316667E+02	1.063002207E+00	1.591182841E-03
4.366333333E+02	1.063045359E+00	1.591111828E-03
4.369350000E+02	1.063088781E+00	1.591040465E-03
4.372366667E+02	1.063132499E+00	1.590968636E-03
4.375383333E+02	1.063176535E+00	1.590896459E-03
4.378400000E+02	1.063220901E+00	1.590824048E-03
4.381416667E+02	1.063265602E+00	1.590751580E-03
4.384433333E+02	1.063310626E+00	1.590679228E-03
4.387450000E+02	1.063355955E+00	1.590607283E-03
4.390466667E+02	1.063401551E+00	1.590536037E-03
4.393483333E+02	1.063447360E+00	1.590465780E-03
4.396500000E+02	1.063493318E+00	1.590396745E-03
4.399516667E+02	1.063539356E+00	1.590328875E-03
4.402533333E+02	1.063585421E+00	1.590262227E-03
4.405550000E+02	1.063631460E+00	1.590196743E-03
4.408566667E+02	1.063677426E+00	1.590132133E-03
4.411583333E+02	1.063723299E+00	1.590068046E-03
4.414600000E+02	1.063769081E+00	1.590004192E-03
4.417616667E+02	1.063814785E+00	1.589940222E-03
4.420633333E+02	1.063860446E+00	1.589876019E-03
4.423650000E+02	1.063906103E+00	1.589811583E-03
4.426666667E+02	1.063951787E+00	1.589746739E-03
4.429683333E+02	1.063997532E+00	1.589681547E-03
4.432700000E+02	1.064043372E+00	1.589615947E-03
4.435716667E+02	1.064089342E+00	1.589549881E-03
4.438733333E+02	1.064135474E+00	1.589483349E-03
4.441750000E+02	1.064181793E+00	1.589416469E-03
4.444766667E+02	1.064228316E+00	1.589349355E-03
4.447783333E+02	1.064275056E+00	1.589282009E-03
4.450800000E+02	1.064322017E+00	1.589214662E-03
4.453816667E+02	1.064369197E+00	1.589147374E-03
4.456833333E+02	1.064416591E+00	1.589080144E-03
4.459850000E+02	1.064464191E+00	1.589013089E-03
4.462866667E+02	1.064511984E+00	1.588946267E-03
4.465883333E+02	1.064559955E+00	1.588879793E-03
4.468900000E+02	1.064608088E+00	1.588813728E-03
4.471916667E+02	1.064656365E+00	1.588747953E-03
4.474933333E+02	1.064704771E+00	1.588682527E-03
4.477950000E+02	1.064753288E+00	1.588617568E-03
4.480966667E+02	1.064801898E+00	1.588553015E-03
4.483983333E+02	1.064850582E+00	1.588488928E-03
4.487000000E+02	1.064899322E+00	1.588425307E-03
4.490016667E+02	1.064948098E+00	1.588362152E-03
4.493033333E+02	1.064996891E+00	1.588299520E-03
4.496050000E+02	1.065045685E+00	1.588237413E-03
4.499066667E+02	1.065094460E+00	1.588175829E-03
4.502083333E+02	1.065143199E+00	1.588114653E-03
4.505100000E+02	1.065191887E+00	1.588053942E-03
4.508116667E+02	1.065240515E+00	1.587993697E-03
4.511133333E+02	1.065289076E+00	1.587933743E-03
4.514150000E+02	1.065337567E+00	1.587874022E-03
4.517166667E+02	1.065385988E+00	1.587814475E-03
4.520183333E+02	1.065434344E+00	1.587755045E-03
4.523200000E+02	1.065482645E+00	1.587695732E-03
4.526216667E+02	1.065530899E+00	1.587636418E-03
4.529233333E+02	1.065579119E+00	1.587577046E-03
4.532250000E+02	1.065627319E+00	1.587517558E-03
4.535266667E+02	1.065675517E+00	1.587457953E-03
4.538283333E+02	1.065723726E+00	1.587398290E-03
4.541300000E+02	1.065771961E+00	1.587338511E-03
4.544316667E+02	1.065820234E+00	1.587278557E-03
4.547333333E+02	1.065868561E+00	1.587218428E-03
4.550350000E+02	1.065916954E+00	1.587158241E-03
4.553366667E+02	1.065965426E+00	1.587097880E-03
4.556383333E+02	1.066013988E+00	1.587037402E-03
4.559400000E+02	1.066062648E+00	1.586976866E-03
4.562416667E+02	1.066111413E+00	1.586916214E-03
4.565433333E+02	1.066160285E+00	1.586855561E-03
4.568450000E+02	1.066209267E+00	1.586794967E-03
4.571466667E+02	1.066258358E+00	1.586734431E-03
4.574483333E+02	1.066307556E+00	1.586674014E-03
4.577500000E+02	1.066356855E+00	1.586613769E-03
4.580516667E+02	1.066406250E+00	1.586553582E-03
4.583533333E+02	1.066455730E+00	1.586493631E-03
4.586550000E+02	1.066505287E+00	1.586434027E-03
4.589566667E+02	1.066554908E+00	1.586374655E-03
4.592583333E+02	1.066604582E+00	1.586315574E-03
4.595600000E+02	1.066654301E+00	1.586256842E-03
4.595600000E+02	1.066654301E+00	1.586256842E-03
4.598616667E+02	1.066704049E+00	1.586198402E-03
4.601633333E+02	1.066753810E+00	1.586140252E-03
4.604650000E+02	1.066803575E+00	1.586082510E-03
4.607666667E+02	1.066853332E+00	1.586025117E-03
4.610683333E+02	1.066903069E+00	1.585968015E-03
4.613700000E+02	1.066952772E+00	1.585911263E-03
4.616716667E+02	1.067002432E+00	1.585854918E-03
4.619733333E+02	1.067052040E+00	1.585798922E-03
4.622750000E+02	1.067101587E+00	1.585743159E-03
4.625766667E+02	1.067151064E+00	1.585687745E-03
4.628783333E+02	1.067200465E+00	1.585632622E-03
4.631800000E+02	1.067249782E+00	1.585577732E-03
4.634816667E+02	1.067299009E+00	1.585523134E-03
4.637833333E+02	1.067348140E+00	1.585468826E-03
4.640850000E+02	1.067397171E+00	1.585414809E-03
4.643866667E+02	1.067446094E+00	1.585361025E-03
4.646883333E+02	1.067494907E+00	1.585307532E-03
4.649900000E+02	1.067543603E+00	1.585254272E-03
4.652916667E+02	1.067592180E+00	1.585201187E-03
4.655933333E+02	1.067640632E+00	1.585148392E-03
4.658950000E+02	1.067688956E+00	1.585095889E-03
4.661966667E+02	1.067737149E+00	1.585043502E-03
4.664983333E+02	1.067785206E+00	1.584991348E-03
4.668000000E+02	1.067833124E+00	1.584939485E-03
4.671016667E+02	1.067880899E+00	1.584887738E-03
4.674033333E+02	1.067928531E+00	1.584836166E-03
4.677050000E+02	1.067976018E+00	1.584784768E-03
4.680066667E+02	1.068023361E+00	1.584733546E-03
4.683083333E+02	1.068070557E+00	1.584682497E-03
4.686100000E+02	1.068117607E+00	1.584631566E-03
4.689116667E+02	1.068164509E+00	1.584580808E-03
4.692133333E+02	1.068211260E+00	1.584530168E-03
4.695150000E+02	1.068257861E+00	1.584479702E-03
4.698166667E+02	1.068304310E+00	1.584429410E-03
4.701183333E+02	1.068350607E+00	1.584379235E-03
4.704200000E+02	1.068396751E+00	1.584329176E-03
4.707216667E+02	1.068442745E+00	1.584279234E-03
4.710233333E+02	1.068488588E+00	1.584229350E-03
4.713250000E+02	1.068534285E+00	1.584179466E-03
4.716266667E+02	1.068579844E+00	1.584129582E-03
4.719283333E+02	1.068625276E+00	1.584079407E-03
4.722300000E+02	1.068670610E+00	1.584028475E-03
4.725316667E+02	1.068715909E+00	1.583976088E-03
4.728333333E+02	1.068761322E+00	1.583920500E-03
4.731350000E+02	1.068807142E+00	1.583857693E-03
4.734366667E+02	1.068853989E+00	1.583779578E-03
4.737383333E+02	1.068903197E+00	1.583668750E-03
4.740400000E+02	1.068957603E+00	1.583487838E-03
4.743416667E+02	1.069023288E+00	1.583157330E-03
4.746433333E+02	1.069113248E+00	1.582507314E-03
4.749450000E+02	1.069255147E+00	1.581175962E-03
4.752466667E+02	1.069507990E+00	1.578394044E-03
4.755483333E+02	1.069997412E+00	1.572534329E-03
4.758500000E+02	1.070989911E+00	1.560189952E-03
4.761516667E+02	1.073046576E+00	1.534381994E-03
4.764533333E+02	1.077327732E+00	1.481456848E-03
4.767550000E+02	1.086138582E+00	1.377145915E-03
4.770566667E+02	1.103645560E+00	1.186352499E-03
4.773583333E+02	1.135837696E+00	8.777919806E-04
4.776600000E+02	1.187049077E+00	4.715919308E-04
4.779616667E+02	1.254785736E+00	6.869206572E-05
4.782633333E+02	1.331422746E+00	-2.260262460E-04
4.785650000E+02	1.408691579E+00	-3.906050609E-04
4.788666667E+02	1.479883646E+00	-4.707013395E-04
4.791683333E+02	1.542242856E+00	-5.098082381E-04
4.794700000E+02	1.596016437E+00	-5.259055057E-04
4.797716667E+02	1.642180798E+00	-5.295033884E-04
4.800733333E+02	1.681892601E+00	-5.265190925E-04
4.803750000E+02	1.716241537E+00	-5.201701424E-04
4.806766667E+02	1.746157751E+00	-5.122787139E-04
4.809783333E+02	1.772425941E+00	-5.038094856E-04
4.812800000E+02	1.795684896E+00	-4.953507557E-04
4.815816667E+02	1.816463033E+00	-4.870780592E-04
4.818833333E+02	1.835169686E+00	-4.791649855E-04
4.821850000E+02	1.852141462E+00	-4.718433694E-04
4.824866667E+02	1.867640034E+00	-4.655060765E-04
4.827883333E+02	1.881883866E+00	-4.606459130E-04
4.830900000E+02	1.895079407E+00	-4.577782595E-04
4.833916667E+02	1.907450221E+00	-4.575147039E-04
4.836933333E+02	1.919244944E+00	-4.609937418E-04
4.839950000E+02	1.930751440E+00	-4.691403184E-04
4.842966667E+02	1.942311819E+00	-4.820532966E-04
4.845983333E+02	1.954240671E+00	-4.991993563E-04
4.849000000E+02	1.966845373E+00	-5.181309327E-04
4.852016667E+02	1.980709176E+00	-5.341650374E-04
4.855033333E+02	1.995556801E+00	-5.413308940E-04
4.858050000E+02	2.010600881E+00	-5.417415613E-04
4.861066667E+02	2.026091542E+00	-5.411168029E-04
4.864083333E+02	2.042094856E+00	-5.368190255E-04
4.867100000E+02	2.058487755E+00	-5.268375210E-04
4.870116667E+02	2.075130174E+00	-5.113108322E-04
4.873133333E+02	2.091817952E+00	-4.905229989E-04
4.876150000E+02	2.108464845E+00	-4.659349071E-04
4.879166667E+02	2.124886861E+00	-4.383688224E-04
4.882183333E+02	2.141014761E+00	-4.087753576E-04
4.885200000E+02	2.156757544E+00	-3.778136546E-04
4.885200000E+02	2.156757544E+00	-3.778136546E-04
4.888216667E+02	2.172063171E+00	-3.460728611E-04
4.891233333E+02	2.186907649E+00	-3.136943715E-04
4.894250000E+02	2.201240100E+00	-2.807773561E-04
4.897266667E+02	2.215025142E+00	-2.476627666E-04
4.900283333E+02	2.228251225E+00	-2.146733529E-04
4.903300000E+02	2.240912537E+00	-1.819450861E-04
4.906316667E+02	2.253010968E+00	-1.495179707E-04
4.909333333E+02	2.264550022E+00	-1.174272642E-04
4.912350000E+02	2.275535327E+00	-8.568743771E-05
4.915366667E+02	2.285971921E+00	-5.430904036E-05
4.918383333E+02	2.295865904E+00	-2.329112422E-05
4.921400000E+02	2.305223334E+00	7.378338474E-06
4.924416667E+02	2.314048759E+00	3.769992805E-05
4.927433333E+02	2.322348993E+00	6.769456515E-05
4.930450000E+02	2.330127354E+00	9.735944012E-05
4.933466667E+02	2.337390174E+00	1.267075842E-04
4.936483333E+02	2.344140948E+00	1.557348970E-04
4.939500000E+02	2.350385731E+00	1.844526473E-04
4.942516667E+02	2.356128380E+00	2.128592956E-04
4.945533333E+02	2.361375184E+00	2.409708611E-04
4.948550000E+02	2.366130225E+00	2.687876673E-04
4.951566667E+02	2.370400494E+00	2.963334340E-04
4.954583333E+02	2.374189526E+00	3.236012434E-04
4.957600000E+02	2.377505963E+00	3.506298936E-04
4.960616667E+02	2.380351501E+00	3.773965993E-04
4.963633333E+02	2.382738996E+00	4.039796928E-04
4.966650000E+02	2.384665897E+00	4.302994164E-04
4.969666667E+02	2.386154219E+00	4.565104041E-04
4.972683333E+02	2.387196543E+00	4.825550537E-04
4.975700000E+02	2.387822929E+00	5.085481332E-04
4.978716667E+02	2.387999333E+00	5.343335526E-04
4.981733333E+02	2.387705236E+00	5.597077638E-04
4.984750000E+02	2.387044336E+00	5.852128549E-04
4.987766667E+02	2.385997218E+00	6.106925963E-04
4.990783333E+02	2.384565556E+00	6.361485517E-04
4.993800000E+02	2.382757967E+00	6.615979387E-04
4.996816667E+02	2.380585604E+00	6.870612963E-04
4.999833333E+02	2.378060802E+00	7.125522072E-04
5.002850000E+02	2.375196496E+00	7.380736273E-04
5.005866667E+02	2.372005781E+00	7.636077936E-04
5.008883333E+02	2.368500680E+00	7.890963715E-04
5.011900000E+02	2.364692258E+00	8.144561113E-04
5.014916667E+02	2.360593152E+00	8.396208238E-04
5.017933333E+02	2.356217392E+00	8.645512984E-04
5.020950000E+02	2.351578882E+00	8.892177784E-04
5.023966667E+02	2.346691502E+00	9.135922284E-04
5.026983333E+02	2.341569058E+00	9.376495961E-04
5.030000000E+02	2.336225200E+00	9.613730072E-04
5.033016667E+02	2.330673292E+00	9.847462108E-04
5.036033333E+02	2.324926318E+00	1.007756811E-03
5.039050000E+02	2.318996821E+00	1.030399641E-03
5.042066667E+02	2.312896780E+00	1.052669767E-03
5.045083333E+02	2.306637481E+00	1.074565959E-03
5.048100000E+02	2.300229530E+00	1.096087940E-03
5.051116667E+02	2.293682952E+00	1.117236169E-03
5.054133333E+02	2.287007199E+00	1.138011860E-03
5.057150000E+02	2.280211206E+00	1.158416716E-03
5.060166667E+02	2.273303433E+00	1.178452768E-03
5.063183333E+02	2.266291874E+00	1.198122569E-03
5.066200000E+02	2.259184078E+00	1.217429218E-03
5.069216667E+02	2.251987187E+00	1.236376142E-03
5.072233333E+02	2.244707930E+00	1.254967061E-03
5.075250000E+02	2.237352630E+00	1.273206062E-03
5.078266667E+02	2.229927251E+00	1.291097328E-03
5.081283333E+02	2.222437420E+00	1.308645338E-03
5.084300000E+02	2.214888421E+00	1.325854874E-03
5.087316667E+02	2.207285199E+00	1.342730531E-03
5.090333333E+02	2.199632425E+00	1.359276900E-03
5.093350000E+02	2.191934514E+00	1.375498708E-03
5.096366667E+02	2.184195625E+00	1.391400663E-03
5.099383333E+02	2.176419677E+00	1.406987360E-03
5.102400000E+02	2.168610366E+00	1.422263523E-03
5.105416667E+02	2.160771181E+00	1.437234153E-03
5.108433333E+02	2.152905381E+00	1.451904542E-03
5.111450000E+02	2.145016004E+00	1.466279939E-03
5.114466667E+02	2.137105890E+00	1.480365053E-03
5.117483333E+02	2.129177729E+00	1.494164188E-03
5.120500000E+02	2.121234093E+00	1.507682336E-03
5.123516667E+02	2.113277417E+00	1.520923015E-03
5.126533333E+02	2.105309980E+00	1.533892093E-03
5.129550000E+02	2.097333878E+00	1.546594699E-03
5.132566667E+02	2.089351048E+00	1.559035429E-03
5.135583333E+02	2.081363365E+00	1.571218178E-03
5.138600000E+02	2.073372676E+00	1.583147028E-03
5.138600000E+02	2.073372676E+00	1.583147028E-03
5.141616667E+02	2.065380677E+00	1.594825294E-03
5.144633333E+02	2.057388890E+00	1.606255146E-03
5.147650000E+02	2.049398934E+00	1.617443676E-03
5.150666667E+02	2.041412461E+00	1.628394660E-03
5.153683333E+02	2.033430837E+00	1.639110888E-03
5.156700000E+02	2.025455473E+00	1.649594346E-03
5.159716667E+02	2.017487880E+00	1.659847359E-03
5.162733333E+02	2.009529580E+00	1.669873766E-03
5.165750000E+02	2.001581988E+00	1.679678172E-03
5.168766667E+02	1.993646312E+00	1.689263716E-03
5.171783333E+02	1.985723779E+00	1.698632374E-03
5.174800000E+02	1.977815664E+00	1.707785317E-03
5.177816667E+02	1.969923384E+00	1.716725860E-03
5.180833333E+02	1.962048279E+00	1.725458772E-03
5.183850000E+02	1.954191398E+00	1.733987436E-03
5.186866667E+02	1.946353745E+00	1.742314293E-03
5.189883333E+02	1.938536352E+00	1.750440447E-03
5.192900000E+02	1.930740496E+00	1.758369861E-03
5.195916667E+02	1.922967175E+00	1.766106723E-03
5.198933333E+02	1.915217256E+00	1.773654990E-03
5.201950000E+02	1.907491384E+00	1.781015189E-03
5.204966667E+02	1.899790657E+00	1.788191045E-03
5.207983333E+02	1.892115864E+00	1.795186861E-03
5.211000000E+02	1.884467689E+00	1.802006891E-03
5.214016667E+02	1.876846498E+00	1.808650960E-03
5.217033333E+02	1.869253288E+00	1.815123138E-03
5.220050000E+02	1.861688643E+00	1.821427680E-03
5.223066667E+02	1.854153024E+00	1.827567377E-03
5.226083333E+02	1.846646804E+00	1.833541821E-03
5.229100000E+02	1.839171073E+00	1.839359803E-03
5.232116667E+02	1.831725390E+00	1.845017424E-03
5.235133333E+02	1.824311088E+00	1.850522129E-03
5.238150000E+02	1.816927935E+00	1.855873926E-03
5.241166667E+02	1.809576742E+00	1.861077816E-03
5.244183333E+02	1.802257479E+00	1.866133914E-03
5.247200000E+02	1.794970783E+00	1.871046358E-03
5.250216667E+02	1.787716779E+00	1.875817007E-03
5.253233333E+02	1.780495874E+00	1.880449178E-03
5.256250000E+02	1.773308175E+00	1.884944330E-03
5.259266667E+02	1.766154107E+00	1.889306767E-03
5.262283333E+02	1.759033512E+00	1.893534336E-03
5.265300000E+02	1.751947264E+00	1.897635013E-03
5.268316667E+02	1.744894863E+00	1.901607691E-03
5.271333333E+02	1.737876892E+00	1.905456094E-03
5.274350000E+02	1.730893193E+00	1.909180108E-03
5.277366667E+02	1.723944293E+00	1.912785088E-03
5.280383333E+02	1.717029957E+00	1.916271438E-03
5.283400000E+02	1.710150496E+00	1.919642655E-03
5.286416667E+02	1.703305750E+00	1.922898445E-03
5.289433333E+02	1.696496082E+00	1.926042477E-03
5.292450000E+02	1.689721393E+00	1.929075505E-03
5.295466667E+02	1.682981944E+00	1.932000734E-03
5.298483333E+02	1.676277625E+00	1.934818858E-03
5.301500000E+02	1.669608629E+00	1.937533085E-03
5.304516667E+02	1.662974885E+00	1.940144514E-03
5.307533333E+02	1.656376487E+00	1.942655594E-03
5.310550000E+02	1.649813401E+00	1.945067777E-03
5.313566667E+02	1.643285628E+00	1.947382932E-03
5.316583333E+02	1.636793193E+00	1.949603145E-03
5.319600000E+02	1.630335993E+00	1.951729881E-03
5.322616667E+02	1.623914073E+00	1.953765051E-03
5.325633333E+02	1.617527307E+00	1.955710179E-03
5.328650000E+02	1.611175726E+00	1.957567233E-03
5.331666667E+02	1.604859178E+00	1.959337447E-03
5.334683333E+02	1.598577694E+00	1.961022672E-03
5.337700000E+02	1.592331110E+00	1.962624083E-03
5.340716667E+02	1.586119453E+00	1.964143532E-03
5.343733333E+02	1.579942540E+00	1.965582310E-03
5.346750000E+02	1.573800400E+00	1.966942270E-03
5.349766667E+02	1.567692823E+00	1.968224121E-03
5.352783333E+02	1.561619880E+00	1.969430062E-03
5.355800000E+02	1.555581285E+00	1.970560573E-03
5.358816667E+02	1.549577171E+00	1.971618434E-03
5.361833333E+02	1.543607153E+00	1.972603425E-03
5.364850000E+02	1.537671412E+00	1.973518444E-03
5.367866667E+02	1.531769531E+00	1.974364203E-03
5.370883333E+02	1.525901495E+00	1.975142129E-03
5.373900000E+02	1.520067151E+00	1.975858549E-03
5.376916667E+02	1.514265483E+00	1.976504546E-03
5.379933333E+02	1.508498177E+00	1.977103617E-03
5.382950000E+02	1.502762901E+00	1.977631570E-03
5.385966667E+02	1.497065037E+00	1.978143791E-03
5.388983333E+02	1.491387402E+00	1.978446729E-03
5.392000000E+02	1.485752321E+00	1.978648320E-03
5.392000000E+02	1.485752321E+00	1.978648320E-03
5.395000000E+02	1.480197887E+00	1.979002503E-03
5.398008820E+02	1.474643095E+00	1.979269036E-03
5.401026478E+02	1.469104069E+00	1.979445237E-03
5.404052988E+02	1.463581212E+00	1.979558431E-03
5.407088368E+02	1.458074686E+00	1.979615522E-03
5.410132634E+02	1.452584568E+00	1.979618113E-03
5.413185802E+02	1.447110967E+00	1.979567282E-03
5.416247888E+02	1.441653954E+00	1.979463471E-03
5.419318909E+02	1.436213617E+00	1.979306119E-03
5.422398882E+02	1.430790001E+00	1.979096610E-03
5.425487821E+02	1.425383225E+00	1.978837052E-03
5.428585743E+02	1.419993394E+00	1.978528105E-03
5.431692664E+02	1.414620671E+00	1.978170294E-03
5.434808600E+02	1.409265095E+00	1.977762624E-03
5.437933568E+02	1.403926773E+00	1.977305390E-03
5.441067583E+02	1.398605823E+00	1.976799732E-03
5.444210660E+02	1.393302306E+00	1.976245624E-03
5.447362817E+02	1.388016371E+00	1.975643202E-03
5.450524068E+02	1.382748186E+00	1.974994936E-03
5.453694429E+02	1.377497607E+00	1.974298828E-03
5.456873916E+02	1.372264951E+00	1.973555282E-03
5.460062546E+02	1.367050437E+00	1.972766904E-03
5.463260332E+02	1.361854010E+00	1.971934259E-03
5.466467292E+02	1.356675606E+00	1.971055388E-03
5.469683440E+02	1.351515574E+00	1.970130999E-03
5.472908792E+02	1.346374163E+00	1.969163164E-03
5.476143363E+02	1.341251412E+00	1.968151898E-03
5.479387170E+02	1.336147390E+00	1.967097403E-03
5.482640226E+02	1.331062120E+00	1.965999462E-03
5.485902548E+02	1.325995815E+00	1.964857570E-03
5.489174150E+02	1.320948850E+00	1.963674075E-03
5.492455048E+02	1.315921296E+00	1.962449428E-03
5.495745257E+02	1.310913301E+00	1.961182937E-03
5.499044792E+02	1.305925018E+00	1.959874812E-03
5.502353668E+02	1.300956617E+00	1.958526347E-03
5.505671900E+02	1.296008115E+00	1.957136700E-03
5.508999502E+02	1.291079905E+00	1.955706334E-03
5.512336491E+02	1.286172257E+00	1.954236756E-03
5.515682880E+02	1.281285305E+00	1.952728755E-03
5.519038684E+02	1.276419182E+00	1.951181658E-03
5.522403918E+02	1.271574147E+00	1.949595381E-03
5.525778597E+02	1.266750369E+00	1.947970921E-03
5.529162735E+02	1.261948046E+00	1.946309444E-03
5.532556346E+02	1.257167255E+00	1.944609948E-03
5.535959446E+02	1.252408416E+00	1.942873516E-03
5.539372048E+02	1.247671742E+00	1.941101033E-03
5.542794167E+02	1.242957445E+00	1.939292914E-03
5.546225816E+02	1.238265638E+00	1.937449070E-03
5.549667011E+02	1.233596619E+00	1.935570187E-03
5.553117766E+02	1.228950530E+00	1.933655968E-03
5.556578093E+02	1.224327692E+00	1.931708509E-03
5.560048009E+02	1.219728093E+00	1.929727451E-03
5.563527525E+02	1.215152049E+00	1.927712610E-03
5.567016657E+02	1.210599839E+00	1.925664444E-03
5.570515418E+02	1.206071804E+00	1.923584979E-03
5.574023821E+02	1.201568003E+00	1.921472885E-03
5.577541881E+02	1.197088875E+00	1.919328767E-03
5.581069612E+02	1.192634531E+00	1.917151699E-03
5.584607025E+02	1.188205524E+00	1.914942946E-03
5.588154136E+02	1.183802022E+00	1.912702057E-03
5.591710957E+02	1.179424505E+00	1.910430223E-03
5.595277502E+02	1.175073186E+00	1.908125602E-03
5.598853784E+02	1.170748808E+00	1.905789668E-03
5.602439816E+02	1.166451661E+00	1.903421226E-03
5.606035611E+02	1.162182509E+00	1.901022293E-03
5.609641183E+02	1.157941512E+00	1.898591622E-03
5.613256543E+02	1.153729472E+00	1.896128204E-03
5.616881706E+02	1.149547083E+00	1.893629511E-03
5.620516684E+02	1.145395481E+00	1.891093508E-03
5.624161489E+02	1.141275764E+00	1.888518487E-03
5.627816135E+02	1.137189239E+00	1.885905070E-03
5.631480633E+02	1.133136903E+00	1.883265118E-03
5.635154997E+02	1.129118148E+00	1.880602203E-03
5.638839238E+02	1.125133226E+00	1.877908903E-03
5.642533370E+02	1.121183625E+00	1.875177711E-03
5.646237404E+02	1.117271057E+00	1.872406907E-03
5.649951352E+02	1.113396981E+00	1.869596104E-03
5.653675226E+02	1.109562804E+00	1.866747415E-03
5.657409039E+02	1.105769800E+00	1.863864524E-03
5.661152803E+02	1.102018924E+00	1.860947054E-03
5.664906528E+02	1.098311583E+00	1.857994605E-03
5.668670228E+02	1.094649010E+00	1.855005233E-03
5.672443913E+02	1.091032955E+00	1.851974993E-03
5.676227595E+02	1.087465465E+00	1.848902618E-03
5.680021286E+02	1.083948574E+00	1.845788770E-03
5.683824997E+02	1.080484185E+00	1.842630923E-03
5.687638740E+02	1.077074738E+00	1.839426465E-03
5.691462524E+02	1.073722694E+00	1.836175835E-03
5.695296363E+02	1.070430494E+00	1.832877558E-03
5.699140266E+02	1.067200737E+00	1.829530847E-03
5.702994245E+02	1.064036262E+00	1.826135280E-03
5.706858310E+02	1.060939704E+00	1.822690609E-03
5.710732472E+02	1.057913941E+00	1.819196750E-03
5.714616742E+02	1.054961783E+00	1.815654271E-03
5.718511130E+02	1.052086115E+00	1.812063594E-03
5.722415647E+02	1.049289714E+00	1.808425723E-03
5.722415647E+02	1.049289714E+00	1.808425723E-03
5.726330304E+02	1.046575484E+00	1.804742661E-03
5.730255109E+02	1.043945940E+00	1.801015889E-03
5.734190075E+02	1.041403788E+00	1.797248670E-03
5.738135210E+02	1.038951338E+00	1.793443426E-03
5.742090524E+02	1.036591111E+00	1.789603364E-03
5.746056029E+02	1.034325091E+00	1.785731191E-03
5.750031732E+02	1.032155514E+00	1.781831277E-03
5.754017644E+02	1.030083948E+00	1.777906924E-03
5.758013775E+02	1.028112316E+00	1.773963259E-03
5.762020134E+02	1.026241635E+00	1.770001709E-03
5.766036730E+02	1.024473671E+00	1.766030357E-03
5.770063572E+02	1.022808736E+00	1.762049504E-03
5.774100670E+02	1.021248324E+00	1.758067447E-03
5.778148033E+02	1.019792321E+00	1.754084261E-03
5.782205670E+02	1.018441786E+00	1.750108270E-03
5.786273589E+02	1.017196161E+00	1.746138947E-03
5.790351799E+02	1.016056235E+00	1.742185351E-03
5.794440308E+02	1.015021006E+00	1.738247090E-03
5.798539126E+02	1.014090772E+00	1.734329826E-03
5.802648261E+02	1.013264517E+00	1.730438478E-03
5.806767721E+02	1.012541547E+00	1.726576500E-03
5.810897513E+02	1.011920691E+00	1.722753570E-03
5.815037647E+02	1.011400148E+00	1.718966751E-03
5.819188129E+02	1.010979110E+00	1.715236697E-03
5.823348968E+02	1.010652785E+00	1.711527280E-03
5.827520172E+02	1.010424562E+00	1.707906109E-03
5.831701748E+02	1.010281584E+00	1.704280237E-03
5.835893704E+02	1.010235792E+00	1.700793663E-03
5.840096046E+02	1.010279695E+00	1.697496825E-03
5.844308782E+02	1.010389179E+00	1.694218545E-03
5.848531920E+02	1.010566602E+00	1.691041539E-03
5.852765466E+02	1.010809944E+00	1.687954663E-03
5.857009426E+02	1.011115258E+00	1.684958290E-03
5.861263809E+02	1.011478441E+00	1.682051242E-03
5.865528620E+02	1.011895237E+00	1.679242266E-03
5.869803866E+02	1.012360018E+00	1.676548261E-03
5.874089553E+02	1.012866193E+00	1.673978322E-03
5.878385687E+02	1.013407277E+00	1.671528537E-03
5.882692276E+02	1.013977698E+00	1.669186746E-03
5.887009323E+02	1.014573339E+00	1.666939390E-03
5.891336837E+02	1.015190897E+00	1.664780408E-03
5.895674821E+02	1.015827066E+00	1.662709831E-03
5.900023283E+02	1.016478501E+00	1.660726054E-03
5.904382227E+02	1.017142102E+00	1.658824366E-03
5.908751658E+02	1.017815215E+00	1.656998727E-03
5.913131582E+02	1.018495650E+00	1.655243009E-03
5.917522005E+02	1.019181604E+00	1.653551917E-03
5.921922930E+02	1.019871568E+00	1.651920678E-03
5.926334363E+02	1.020564323E+00	1.650344449E-03
5.930756308E+02	1.021258945E+00	1.648818290E-03
5.935188771E+02	1.021954778E+00	1.647337430E-03
5.939631755E+02	1.022651419E+00	1.645897603E-03
5.944085264E+02	1.023348686E+00	1.644494693E-03
5.948549304E+02	1.024046559E+00	1.643125359E-03
5.953023877E+02	1.024745138E+00	1.641786687E-03
5.957508988E+02	1.025444640E+00	1.640475441E-03
5.962004640E+02	1.026145413E+00	1.639188771E-03
5.966510838E+02	1.026847891E+00	1.637924583E-03
5.971027584E+02	1.027552531E+00	1.636681331E-03
5.975554882E+02	1.028259763E+00	1.635458105E-03
5.980092735E+02	1.028970025E+00	1.634253456E-03
5.984641145E+02	1.029683790E+00	1.633065699E-03
5.989200117E+02	1.030401555E+00	1.631893806E-03
5.993769652E+02	1.031123808E+00	1.630737000E-03
5.998349754E+02	1.031850990E+00	1.629594892E-03
6.002940424E+02	1.032583489E+00	1.628467479E-03
6.007541665E+02	1.033321648E+00	1.627354456E-03
6.012153479E+02	1.034065774E+00	1.626255486E-03
6.016775869E+02	1.034816138E+00	1.625170511E-03
6.021408835E+02	1.035572974E+00	1.624099402E-03
6.026052380E+02	1.036336481E+00	1.623042169E-03
6.030706505E+02	1.037106828E+00	1.621998696E-03
6.035371212E+02	1.037884145E+00	1.620969030E-03
6.040046501E+02	1.038668525E+00	1.619953356E-03
6.044732375E+02	1.039460030E+00	1.618951556E-03
6.049428833E+02	1.040258716E+00	1.617963450E-03
6.054135878E+02	1.041064620E+00	1.616988984E-03
6.058853508E+02	1.041877738E+00	1.616028565E-03
6.063581726E+02	1.042698014E+00	1.615082539E-03
6.068320530E+02	1.043525352E+00	1.614151200E-03
6.073069922E+02	1.044359611E+00	1.613234781E-03
6.077829901E+02	1.045200626E+00	1.612333455E-03
6.082600468E+02	1.046048242E+00	1.611446990E-03
6.087381621E+02	1.046902320E+00	1.610574807E-03
6.092173361E+02	1.047762770E+00	1.609716492E-03
6.096975686E+02	1.048629568E+00	1.608871174E-03
6.101788597E+02	1.049502752E+00	1.608037810E-03
6.106612091E+02	1.050382448E+00	1.607215006E-03
6.111446169E+02	1.051268919E+00	1.606400951E-03
6.116290828E+02	1.052162542E+00	1.605594306E-03
6.121146068E+02	1.053063728E+00	1.604794720E-03
6.126011886E+02	1.053972852E+00	1.604002077E-03
6.130888281E+02	1.054890247E+00	1.603216387E-03
6.135775251E+02	1.055816189E+00	1.602437882E-03
6.140672794E+02	1.056750914E+00	1.601666438E-03
6.145580907E+02	1.057694650E+00	1.600902230E-03
6.145580907E+02	1.057694650E+00	1.600902230E-03
6.150499589E+02	1.058647529E+00	1.600146594E-03
6.155428836E+02	1.059609442E+00	1.599402044E-03
6.160368646E+02	1.060579996E+00	1.598671495E-03
6.165319016E+02	1.061558532E+00	1.597958177E-03
6.170279943E+02	1.062544126E+00	1.597265494E-03
6.175251423E+02	1.063535588E+00	1.596596245E-03
6.180233453E+02	1.064531564E+00	1.595952683E-03
6.185226029E+02	1.065530596E+00	1.595336145E-03
6.190229149E+02	1.066531167E+00	1.594746573E-03
6.195242806E+02	1.067532137E+00	1.594186198E-03
6.200266999E+02	1.068532163E+00	1.593655377E-03
6.205301721E+02	1.069529763E+00	1.593149400E-03
6.210346969E+02	1.070524246E+00	1.592664745E-03
6.215402739E+02	1.071515236E+00	1.592196988E-03
6.220469024E+02	1.072502750E+00	1.591741327E-03
6.225545820E+02	1.073487267E+00	1.591294065E-03
6.230633123E+02	1.074469460E+00	1.590852439E-03
6.235730926E+02	1.075450058E+00	1.590413365E-03
6.240839224E+02	1.076430072E+00	1.589975413E-03
6.245958011E+02	1.077410566E+00	1.589538467E-03
6.251087282E+02	1.078392349E+00	1.589100524E-03
6.256227030E+02	1.079376334E+00	1.588660858E-03
6.261377248E+02	1.080363415E+00	1.588219231E-03
6.266537932E+02	1.081354402E+00	1.587775759E-03
6.271709073E+02	1.082349989E+00	1.587331232E-03
6.276890665E+02	1.083350750E+00	1.586886699E-03
6.282082702E+02	1.084357125E+00	1.586443148E-03
6.287285175E+02	1.085369415E+00	1.586001688E-03
6.292498077E+02	1.086387808E+00	1.585563565E-03
6.297721402E+02	1.087412398E+00	1.585129572E-03
6.302955140E+02	1.088443209E+00	1.584700348E-03
6.308199285E+02	1.089480227E+00	1.584276534E-03
6.313453828E+02	1.090523398E+00	1.583858656E-03
6.318718760E+02	1.091572627E+00	1.583447179E-03
6.323994074E+02	1.092627785E+00	1.583042629E-03
6.329279760E+02	1.093688715E+00	1.582645529E-03
6.334575810E+02	1.094755224E+00	1.582256230E-03
6.339882215E+02	1.095827093E+00	1.581875219E-03
6.345198965E+02	1.096904070E+00	1.581503094E-03
6.350526051E+02	1.097985881E+00	1.581140206E-03
6.355863463E+02	1.099072234E+00	1.580786713E-03
6.361211192E+02	1.100162836E+00	1.580442712E-03
6.366569227E+02	1.101257414E+00	1.580108300E-03
6.371937558E+02	1.102355728E+00	1.579783206E-03
6.377316175E+02	1.103457590E+00	1.579466715E-03
6.382705067E+02	1.104562862E+00	1.579158554E-03
6.388104223E+02	1.105671463E+00	1.578858141E-03
6.393513633E+02	1.106783349E+00	1.578564953E-03
6.398933285E+02	1.107898513E+00	1.578278682E-03
6.404363168E+02	1.109016957E+00	1.577998981E-03
6.409803270E+02	1.110138671E+00	1.577726172E-03
6.415253580E+02	1.111263611E+00	1.577460282E-03
6.420714085E+02	1.112391683E+00	1.577201778E-03
6.426184774E+02	1.113522731E+00	1.576951417E-03
6.431665633E+02	1.114656550E+00	1.576709551E-03
6.437156651E+02	1.115792900E+00	1.576476426E-03
6.442657814E+02	1.116931542E+00	1.576252028E-03
6.448169110E+02	1.118072272E+00	1.576036186E-03
6.453690526E+02	1.119214953E+00	1.575828270E-03
6.459222048E+02	1.120359540E+00	1.575626988E-03
6.464763662E+02	1.121506096E+00	1.575431294E-03
6.470315355E+02	1.122654790E+00	1.575240257E-03
6.475877114E+02	1.123805868E+00	1.575052818E-03
6.481448922E+02	1.124959614E+00	1.574868418E-03
6.487030768E+02	1.126116340E+00	1.574686522E-03
6.492622635E+02	1.127276377E+00	1.574506539E-03
6.498224509E+02	1.128440070E+00	1.574328188E-03
6.503836375E+02	1.129607766E+00	1.574151178E-03
6.509458218E+02	1.130779788E+00	1.573975393E-03
6.515090023E+02	1.131956419E+00	1.573801290E-03
6.520731773E+02	1.133137890E+00	1.573629112E-03
6.526383454E+02	1.134324368E+00	1.573459208E-03
6.532045049E+02	1.135515952E+00	1.573292326E-03
6.537716542E+02	1.136712676E+00	1.573129048E-03
6.543397916E+02	1.137914526E+00	1.572969726E-03
6.549089156E+02	1.139121465E+00	1.572814658E-03
6.554790243E+02	1.140333473E+00	1.572663904E-03
6.560501162E+02	1.141550595E+00	1.572516757E-03
6.566221895E+02	1.142772964E+00	1.572372046E-03
6.571952425E+02	1.144000822E+00	1.572228442E-03
6.577692733E+02	1.145234552E+00	1.572084321E-03
6.583442803E+02	1.146474746E+00	1.571937408E-03
6.589202616E+02	1.147722307E+00	1.571784618E-03
6.594972153E+02	1.148978516E+00	1.571621878E-03
6.594972153E+02	1.148978516E+00	1.571621878E-03
6.600751397E+02	1.150245118E+00	1.571443708E-03
6.606540329E+02	1.151524449E+00	1.571243017E-03
6.612338929E+02	1.152819598E+00	1.571011017E-03
6.618147180E+02	1.154134624E+00	1.570736580E-03
6.623965061E+02	1.155474803E+00	1.570405345E-03
6.629792553E+02	1.156846953E+00	1.569999331E-03
6.635629636E+02	1.158259816E+00	1.569495997E-03
6.641476291E+02	1.159724520E+00	1.568867283E-03
6.647332497E+02	1.161255109E+00	1.568079063E-03
6.653198234E+02	1.162869157E+00	1.567089749E-03
6.659073481E+02	1.164588428E+00	1.565849749E-03
6.664958219E+02	1.166439571E+00	1.564300974E-03
6.670852425E+02	1.168454850E+00	1.562376199E-03
6.676756078E+02	1.170672761E+00	1.559999415E-03
6.682669158E+02	1.173138539E+00	1.557085074E-03
6.688591643E+02	1.175904858E+00	1.553536056E-03
6.694523511E+02	1.179032890E+00	1.549238140E-03
6.700464739E+02	1.182594359E+00	1.544045214E-03
6.706415307E+02	1.186676175E+00	1.537741607E-03
6.712375191E+02	1.191391251E+00	1.529954666E-03
6.718344368E+02	1.196903567E+00	1.519954617E-03
6.724322816E+02	1.203486433E+00	1.506181347E-03
6.730310513E+02	1.211659206E+00	1.485151646E-03
6.736307433E+02	1.222506275E+00	1.449093045E-03
6.742313555E+02	1.238388834E+00	1.381617755E-03
6.748328855E+02	1.264289050E+00	1.253418552E-03
6.754353308E+02	1.308925936E+00	1.029316212E-03
6.760386890E+02	1.379881124E+00	7.261080274E-04
6.766429578E+02	1.470321644E+00	4.544250326E-04
6.772481347E+02	1.564769038E+00	3.058747721E-04
6.778542171E+02	1.651680624E+00	2.626687766E-04
6.784612027E+02	1.725342145E+00	2.756857964E-04
6.790690889E+02	1.785854721E+00	3.232905519E-04
6.796778731E+02	1.833960055E+00	3.988792122E-04
6.802875529E+02	1.869994977E+00	4.926565162E-04
6.808981256E+02	1.895502445E+00	5.870023431E-04
6.815095886E+02	1.913278583E+00	6.703250648E-04
6.821219393E+02	1.925764489E+00	7.417103591E-04
6.827351752E+02	1.934621389E+00	8.047546281E-04
6.833492934E+02	1.940825182E+00	8.618758303E-04
6.839642914E+02	1.944898951E+00	9.133284567E-04
6.845801664E+02	1.947418350E+00	9.597769446E-04
6.851969158E+02	1.948814296E+00	1.002541621E-03
6.858145367E+02	1.949191503E+00	1.041406119E-03
6.864330265E+02	1.948795707E+00	1.076631824E-03
6.870523822E+02	1.947945752E+00	1.109386332E-03
6.876726013E+02	1.946695305E+00	1.139699393E-03
6.882936807E+02	1.945115013E+00	1.167885440E-03
6.889156176E+02	1.943266551E+00	1.194215024E-03
6.895384093E+02	1.941193363E+00	1.218935758E-03
6.901620528E+02	1.938926709E+00	1.242245407E-03
6.907865451E+02	1.936488470E+00	1.264316725E-03
6.914118835E+02	1.933893550E+00	1.285295997E-03
6.920380648E+02	1.931151898E+00	1.305302636E-03
6.926650862E+02	1.928271069E+00	1.324428717E-03
6.932929447E+02	1.925257918E+00	1.342747094E-03
6.939216372E+02	1.922118790E+00	1.360317494E-03
6.945511607E+02	1.918860893E+00	1.377188405E-03
6.951815122E+02	1.915490964E+00	1.393409033E-03
6.958126886E+02	1.912014941E+00	1.409024232E-03
6.964446868E+02	1.908438251E+00	1.424073145E-03
6.970775036E+02	1.904765714E+00	1.438592797E-03
6.977111361E+02	1.901001566E+00	1.452616393E-03
6.983455809E+02	1.897149663E+00	1.466173206E-03
6.989808350E+02	1.893213544E+00	1.479288361E-03
6.996168951E+02	1.889196591E+00	1.491985299E-03
7.002537580E+02	1.885101999E+00	1.504285299E-03
7.008914205E+02	1.880932806E+00	1.516207283E-03
7.015298794E+02	1.876691785E+00	1.527769884E-03
7.021691313E+02	1.872381527E+00	1.538989978E-03
7.028091730E+02	1.868004330E+00	1.549883868E-03
7.034500012E+02	1.863562152E+00	1.560467164E-03
7.040916125E+02	1.859056546E+00	1.570755904E-03
7.047340035E+02	1.854488363E+00	1.580764440E-03
7.053771710E+02	1.849858043E+00	1.590506422E-03
7.060211114E+02	1.845166301E+00	1.600000049E-03
7.066658215E+02	1.840418517E+00	1.609277245E-03
7.073112977E+02	1.835617755E+00	1.618308299E-03
7.079575366E+02	1.830827116E+00	1.627191773E-03
7.086045347E+02	1.825981399E+00	1.634621520E-03
7.092522886E+02	1.821502469E+00	1.640403459E-03
7.099007948E+02	1.817496724E+00	1.642668035E-03
7.105500496E+02	1.814309634E+00	1.638478383E-03
7.112000496E+02	1.813118627E+00	1.631156782E-03
